grid_cell_id,grid_cell_order,centroid_latitude,centroid_longitude,latitude_band,C3_richness,N0_richness,classified_richness_C3_plus_N0,C3_fraction,dominant_ecoregion,second_ecoregion,dominant_overlap_km2,second_overlap_km2,ecoregion_covered_km2,full_cell_area_km2,dominant_fraction_of_covered_land,second_fraction_of_covered_land,dominant_minus_second_fraction,dominant_fraction_of_full_cell,ecoregion_coverage_fraction,centroid_ecoregion,centroid_on_ecoregion_boundary,centroid_outside_mapped_mainland,centroid_agrees_with_dominant,ambiguous_dominant_assignment,low_mapped_land_coverage,primary_assignment_eligible,sensitivity_unambiguous_eligible,ecoregion_overlap_count_any,ecoregion_overlap_count_ge1pct_mapped,ecoregion_overlap_count_ge5pct_mapped,ecoregion_overlap_count_ge1pct_full_cell,ecoregion_overlap_shannon,ecoregion_effective_number,ecoregion_overlap_simpson_diversity,overlaps_Costa_Central_del_Golfo,overlaps_Sierra_de_la_Giganta,overlaps_Costa_Golfo_and_Sierra_Giganta,dominant_second_Costa_Golfo_Sierra_Giganta_interface,rook_neighbor_degree,local_unique_dominant_ecoregions_focal_plus_neighbors,adjacent_cross_boundary_edges,adjacent_cross_boundary_fraction,local_distinct_ecoregion_interfaces,distance_to_Mulege_km,Mulege_focal_primary_75km,Mulege_focal_sensitivity_50km,Mulege_focal_sensitivity_100km,Mulege_focal_sensitivity_125km,central_Gulf_latitude_corridor_26p4_27p4,inverse_dominant_fraction,z_effective_ecoregions,z_overlap_count_ge1pct,z_local_unique_ecoregions,z_adjacent_cross_boundary_fraction,z_inverse_dominant_fraction,ecoregion_junction_score_components_available,ecoregion_junction_score_primary,ecoregion_junction_score_primary_eligible
BJA25K_C+0013_R-0020,1,23.0758711,-110.2025688,23-24N,0,1,1,0.0,Matorrales Tropicales,,77.1176222632441,0.0,77.1176222632441,623.487666607093,1.0,0.0,1.0,0.123687486366658,0.123687486366658,,False,True,False,False,False,True,True,1,1,1,1,-0.0,1.0,0.0,False,False,False,False,2,1,0,0.0,0,460.37553053261314,False,False,False,False,False,0.0,-0.757147538817445,-0.9050812744111771,-0.9007158990918056,-0.9005814331923898,-0.7354448908226539,5,-0.8397942072670942,True
BJA25K_C+0014_R-0020,2,23.0699,-109.9583628,23-24N,0,1,1,0.0,Matorrales Tropicales,Selvas Bajas del Cabo,368.632650061749,193.965036438637,620.624017022662,623.487106066154,0.59397097107231,0.312532275771652,0.281438695300658,0.591243421836915,0.995407941855355,Selvas Bajas del Cabo,False,False,False,False,False,True,True,3,3,3,3,0.894475396705656,2.44605224574986,0.5407804192736876,False,False,False,False,3,2,1,0.3333333333333333,1,471.09450381049584,False,False,False,False,False,0.40602902892769,2.1011751364201428,1.810162548822354,0.541956176572188,0.17604257417815697,1.7313294001275015,5,1.2721331672240688,True
BJA25K_C+0015_R-0020,3,23.0635028,-109.714167,23-24N,18,32,50,0.36,Matorrales Tropicales,Selvas Bajas del Cabo,403.220350683722,35.3238882170367,439.339882671987,623.486633508579,0.917786812868906,0.0804021888525192,0.837384624016386,0.646718516505573,0.704650042294679,Matorrales Tropicales,False,False,True,False,False,True,True,3,2,2,2,0.29284239783308746,1.3402315503896687,0.15119957443689525,False,False,False,False,3,1,0,0.0,0,482.87382410977784,False,False,False,False,False,0.08221318713109405,-0.08463272604473084,0.45254063720558846,-0.9007158990918056,-0.9005814331923898,-0.2359698239101992,5,-0.3338718490067074,True
BJA25K_C+0016_R-0020,4,23.0566794,-109.4699823,23-24N,3,6,9,0.3333333333333333,Matorrales Tropicales,,66.4308288517623,0.0,66.4308288517623,623.485696701567,1.0,0.0,1.0,0.106547478479782,0.106547478479782,,False,True,False,False,False,True,True,1,1,1,1,-0.0,1.0,0.0,False,False,False,False,2,1,0,0.0,0,495.63816636941243,False,False,False,False,False,0.0,-0.757147538817445,-0.9050812744111771,-0.9007158990918056,-0.9005814331923898,-0.7354448908226539,5,-0.8397942072670942,True
BJA25K_C+0013_R-0019,5,23.3007157,-110.1967726,23-24N,13,10,23,0.5652173913043478,Matorrales Tropicales,,256.903271788995,0.0,256.903271788995,623.511543049593,1.0,0.0,1.0,0.412026488767925,0.412026488767925,,False,True,False,False,False,True,True,1,1,1,1,-0.0,1.0,0.0,False,False,False,False,3,2,1,0.3333333333333333,1,437.62575070014543,False,False,False,False,False,0.0,-0.757147538817445,-0.9050812744111771,0.541956176572188,0.17604257417815697,-0.7354448908226539,5,-0.3359349906601862,True
BJA25K_C+0014_R-0019,6,23.2947229,-109.9521386,23-24N,6,8,14,0.4285714285714285,Bosques de la Sierra de la Laguna,Selvas Bajas del Cabo,241.133924762904,214.26897391613,623.510932133347,623.510932133346,0.386735680700677,0.343649105209763,0.0430865754909142,0.386735680700678,1.0,Bosques de la Sierra de la Laguna,False,False,True,True,False,True,False,3,3,3,3,1.0878682913475881,2.967940539809617,0.659648442092954,False,False,False,False,4,2,3,0.75,1,448.8865334977,False,False,False,False,False,0.613264319299323,3.132759679258373,1.810162548822354,0.541956176572188,1.5218225833913406,2.990359297118869,5,1.9994120570326248,True
BJA25K_C+0015_R-0019,7,23.2883023,-109.7075151,23-24N,9,13,22,0.4090909090909091,Matorrales Tropicales,Selvas Bajas del Cabo,591.50141210097,27.3285781188877,623.510329076519,623.510329076521,0.948663373351076,0.0438301930929741,0.904833180258102,0.948663373351073,0.999999999999997,Matorrales Tropicales,False,False,True,False,False,True,True,3,2,1,2,0.2237931538366581,1.2508122669498265,0.09806037169085913,False,False,False,False,4,2,1,0.25,1,461.231538810803,False,False,False,False,False,0.05133662664892402,-0.2613823325757593,0.45254063720558846,0.541956176572188,-0.09311342766447968,-0.42355617898322256,5,0.043288974910862976,True
BJA25K_C+0016_R-0019,8,23.2814541,-109.4629028,23-24N,4,3,7,0.5714285714285714,Matorrales Tropicales,,373.451415633387,0.0,373.451415633387,623.509363871387,1.0,0.0,1.0,0.59895077327246,0.59895077327246,Matorrales Tropicales,False,False,True,False,False,True,True,1,1,1,1,-0.0,1.0,0.0,False,False,False,False,3,1,0,0.0,0,474.576427460944,False,False,False,False,False,0.0,-0.757147538817445,-0.9050812744111771,-0.9007158990918056,-0.9005814331923898,-0.7354448908226539,5,-0.8397942072670942,True
BJA25K_C+0013_R-0018,9,23.5255433,-110.190919,23-24N,25,21,46,0.5434782608695652,Matorrales Tropicales,Planicies de Magdalena,379.228020392854,138.121738051561,556.891679985242,623.535316460051,0.680972681083876,0.248022628126212,0.432950052957664,0.608190122326697,0.893119708354035,Matorrales Tropicales,False,False,True,False,False,True,True,3,3,3,3,0.7952622091944371,2.215021719726092,0.4697193174406338,False,False,False,False,3,3,2,0.6666666666666666,2,415.1388210983511,False,False,False,False,False,0.319027318916124,1.6445112827131356,1.810162548822354,1.9846282522361816,1.2526665815487037,1.2027623119761457,5,1.5789461954593045,True
BJA25K_C+0014_R-0018,10,23.5195285,-109.9458527,23-24N,12,22,34,0.3529411764705882,Bosques de la Sierra de la Laguna,Selvas Bajas del Cabo,432.033219074297,172.262758786856,623.534658818113,623.534658818115,0.692877633928481,0.276268137385296,0.416609496543185,0.692877633928479,0.999999999999997,Bosques de la Sierra de la Laguna,False,False,True,False,False,True,True,3,3,2,3,0.7169307003651466,2.048137206644693,0.44264451723950715,False,False,False,False,4,3,3,0.75,2,426.9913093624744,False,False,False,False,False,0.307122366071519,1.3146409137215986,1.810162548822354,1.9846282522361816,1.5218225833913406,1.1304353857718727,5,1.5523379367886696,True
BJA25K_C+0015_R-0018,11,23.5130845,-109.7007972,23-24N,15,21,36,0.4166666666666667,Matorrales Tropicales,Selvas Bajas del Cabo,538.695972782404,52.2543381997378,618.871638714567,623.534238983097,0.870448634390981,0.0844348568117826,0.786013777579198,0.863939683025181,0.992522302742937,Matorrales Tropicales,False,False,True,False,False,True,True,3,3,2,3,0.4692695123302919,1.598825843971923,0.23315443047599904,False,False,False,False,4,2,1,0.25,1,439.94929196744397,False,False,False,False,False,0.12955136560901903,0.42651473436387577,1.810162548822354,0.541956176572188,-0.09311342766447968,0.05162685842098314,5,0.5474293781029843,True
BJA25K_C+0016_R-0018,12,23.5062112,-109.4557532,23-24N,9,16,25,0.36,Matorrales Tropicales,,264.811519280336,0.0,264.811519280336,623.533254278508,1.0,0.0,1.0,0.42469510240757,0.42469510240757,,False,True,False,False,False,True,True,1,1,1,1,-0.0,1.0,0.0,False,False,False,False,2,1,0,0.0,0,453.9184085230017,False,False,False,False,False,0.0,-0.757147538817445,-0.9050812744111771,-0.9007158990918056,-0.9005814331923898,-0.7354448908226539,5,-0.8397942072670942,True
BJA25K_C+0012_R-0017,13,23.7559605,-110.4305208,23-24N,0,1,1,0.0,Planicies de Magdalena,Costa Central del Golfo,556.952071942885,57.5971263756273,614.549198318513,623.560087012514,0.906277436317189,0.0937225636828111,0.812554872634378,0.893181079968173,0.985549285655577,Planicies de Magdalena,False,False,True,False,False,True,True,2,2,2,2,0.31106690606023507,1.364880536910756,0.16987728947906522,True,False,False,False,2,2,2,1.0,1,381.6927264482386,False,False,False,False,False,0.09372256368281096,-0.03591058802936845,0.45254063720558846,0.541956176572188,2.329290588919251,-0.16604616781689066,5,0.6243661293701537,True
BJA25K_C+0013_R-0017,14,23.7503546,-110.1850075,23-24N,14,15,29,0.4827586206896552,Costa Central del Golfo,Planicies de Magdalena,224.87330682599,166.410828605196,623.559474588725,623.559474588717,0.360628482109597,0.266872424182077,0.0937560579275196,0.360628482109602,1.00000000000001,Costa Central del Golfo,False,False,True,True,False,True,False,4,4,4,4,1.3449824811531983,3.838119300586929,0.728825111859623,True,False,False,False,4,4,3,0.75,3,392.95946100338614,False,False,False,False,False,0.6393715178904029,4.852788599894055,3.1677844604391194,3.4273003279001757,1.5218225833913406,3.148970040944959,5,3.2237332025139294,True
BJA25K_C+0014_R-0017,15,23.7443178,-109.9395046,23-24N,22,23,45,0.4888888888888889,Selvas Bajas del Cabo,Matorrales Tropicales,359.391374833323,171.311423669352,623.558765721904,623.558765721904,0.576355260465707,0.27473180249663,0.301623457969077,0.576355260465707,1.0,Selvas Bajas del Cabo,False,False,True,False,False,True,True,3,3,3,3,0.9561209377836577,2.6015851641901495,0.5701619876132766,False,False,False,False,4,4,4,1.0,3,405.45907157069047,False,False,False,False,False,0.42364473953429305,2.408607505361437,1.810162548822354,3.4273003279001757,2.329290588919251,1.838351260500261,5,2.362742446300696,True
BJA25K_C+0015_R-0017,16,23.73785,-109.6940128,23-24N,3,7,10,0.3,Matorrales Tropicales,Selvas Bajas del Cabo,253.564086473936,33.6943571567997,289.322863909381,623.558126107313,0.876405283176496,0.11645936550439,0.759945917672106,0.406640657635016,0.463986999440674,,False,True,False,False,False,True,True,3,2,2,2,0.40130148904664065,1.4937675551744114,0.21830008256819333,False,False,False,False,2,2,1,0.5,1,419.08156225557246,False,False,False,False,False,0.12359471682350398,0.21885246629978608,0.45254063720558846,0.541956176572188,0.7143545778634305,0.015438046692093668,5,0.38862838092661733,True
BJA25K_C+0010_R-0016,17,23.9907325,-110.9169296,23-24N,1,2,3,0.3333333333333333,Planicies de Magdalena,,287.943049062148,0.0,287.943049062148,623.585403722887,1.0,0.0,1.0,0.461753991262609,0.461753991262609,,False,True,False,False,False,True,True,1,1,1,1,-0.0,1.0,0.0,False,False,False,False,2,1,0,0.0,0,339.5911770575062,False,False,False,False,False,0.0,-0.757147538817445,-0.9050812744111771,-0.9007158990918056,-0.9005814331923898,-0.7354448908226539,5,-0.8397942072670942,True
BJA25K_C+0011_R-0016,18,23.9859712,-110.6709562,23-24N,0,3,3,0.0,Planicies de Magdalena,Costa Central del Golfo,605.761564616587,16.8917724960548,622.653337112642,623.584911168585,0.972871304963393,0.0271286950366074,0.945742609926785,0.971417931651686,0.99850609910654,Planicies de Magdalena,False,False,True,False,False,True,True,2,2,1,2,0.12461497033167807,1.132712241276412,0.05278545788443645,True,False,False,False,3,2,1,0.3333333333333333,1,348.6335170489426,False,False,False,False,False,0.027128695036606976,-0.49482340105763434,0.45254063720558846,0.541956176572188,0.17604257417815697,-0.5706281838988564,5,0.02101756059988853,True
BJA25K_C+0012_R-0016,19,23.9807772,-110.4249919,23-24N,8,11,19,0.4210526315789473,Costa Central del Golfo,Planicies de Magdalena,458.768482482745,164.815816594315,623.58429907706,623.584299077056,0.735696012811337,0.264303987188663,0.471392025622674,0.735696012811342,1.00000000000001,Costa Central del Golfo,False,False,True,False,False,True,True,2,2,2,2,0.5775107829261972,1.7815981221325479,0.3888947790896766,True,False,False,False,4,2,2,0.5,1,359.1936748781588,False,False,False,False,False,0.264303987188663,0.7877894729542788,0.45254063720558846,0.541956176572188,0.7143545778634305,0.8702981328090983,5,0.6733877994809168,True
BJA25K_C+0013_R-0016,20,23.9751506,-110.1790375,23-24N,34,24,58,0.5862068965517241,Costa Central del Golfo,Selvas Bajas del Cabo,351.098443389982,224.783253390197,623.583722902121,623.58372290212,0.56303336744582,0.360470046177712,0.202563321268108,0.563033367445821,1.0,Costa Central del Golfo,False,False,True,False,False,True,True,3,3,3,3,0.887855087357717,2.4299121085023088,0.5472030452240063,True,False,False,False,4,2,2,0.5,1,371.1423801785605,False,False,False,False,False,0.43696663255418,2.069271918253776,1.810162548822354,0.541956176572188,0.7143545778634305,1.9192866145438703,5,1.4110063672111237,True
BJA25K_C+0014_R-0016,21,23.9690914,-109.9330937,23-24N,10,11,21,0.4761904761904761,Matorrales Tropicales,Selvas Bajas del Cabo,501.288033718934,14.2172779711778,515.505311690112,623.583280541029,0.972420695483106,0.0275793045168936,0.944841390966213,0.803883056781141,0.826682381931172,Matorrales Tropicales,False,False,True,False,False,True,True,2,2,1,2,0.12622417281666135,1.1345364720145046,0.05363737295851623,False,False,False,False,3,3,2,0.6666666666666666,2,384.35045065529664,False,False,False,False,False,0.027579304516894054,-0.49121755617970475,0.45254063720558846,1.9846282522361816,1.2526665815487037,-0.5678905671226221,5,0.5261454695376294,True
BJA25K_C+0010_R-0015,23,24.2155717,-110.9122379,24-26N,0,1,1,0.0,Planicies de Magdalena,,623.609936998135,0.0,623.609936998135,623.609936998136,1.0,0.0,1.0,0.999999999999999,0.999999999999999,Planicies de Magdalena,False,False,True,False,False,True,True,1,1,1,1,-0.0,1.0,0.0,False,False,False,False,3,1,0,0.0,0,316.08104327446574,False,False,False,False,False,0.0,-0.757147538817445,-0.9050812744111771,-0.9007158990918056,-0.9005814331923898,-0.7354448908226539,5,-0.8397942072670942,True
BJA25K_C+0011_R-0015,24,24.2107927,-110.6658185,24-26N,5,5,10,0.5,Planicies de Magdalena,Costa Central del Golfo,336.152899831554,201.529425315427,537.682325146981,623.609311281497,0.625188673887807,0.374811326112193,0.250377347775615,0.53904406773653,0.862210225889766,Costa Central del Golfo,False,False,False,False,False,True,True,2,2,2,2,0.6614667827544075,1.9376323367555524,0.4686555918604244,True,False,False,False,4,2,2,0.5,1,325.775107751541,False,False,False,False,False,0.37481132611219303,1.096212723276433,0.45254063720558846,0.541956176572188,0.7143545778634305,1.5416704810813353,5,0.869346919199795,True
BJA25K_C+0012_R-0015,25,24.2055794,-110.4194085,24-26N,14,31,45,0.3111111111111111,Costa Central del Golfo,,229.869373742672,0.0,229.869373742672,623.60867440614,1.0,0.0,1.0,0.368611571931028,0.368611571931028,,False,True,False,False,False,True,True,1,1,1,1,-0.0,1.0,0.0,True,False,False,False,3,3,2,0.6666666666666666,2,337.05062892019026,False,False,False,False,False,0.0,-0.757147538817445,-0.9050812744111771,1.9846282522361816,1.2526665815487037,-0.7354448908226539,5,0.16792422594672188,True
BJA25K_C+0013_R-0015,26,24.199932,-110.1730086,24-26N,29,24,53,0.5471698113207547,Matorrales Tropicales,Costa Central del Golfo,201.863912255032,179.197988104823,486.534358691594,623.608261984512,0.414901658328698,0.368315176315048,0.0465864820136503,0.323703075409295,0.780192291140103,Matorrales Tropicales,False,False,True,True,False,True,False,3,3,3,3,1.064304482470636,2.8988221011663664,0.6452056040302345,True,False,False,False,3,2,2,0.6666666666666666,1,349.75496849267194,False,False,False,False,False,0.585098341671302,2.9961375060058613,1.810162548822354,0.541956176572188,1.2526665815487037,2.8192407205092813,5,1.8840327066916778,True
BJA25K_C+0014_R-0015,27,24.1938504,-109.9266196,24-26N,2,5,7,0.2857142857142857,Matorrales Tropicales,Selvas Bajas del Cabo,47.4591243737177,4.45143839549315,51.9105627692108,623.607543001141,0.914247926471462,0.085752073528538,0.828495852942924,0.0761041538165468,0.0832423586786471,,False,True,False,False,True,False,False,2,2,2,1,0.29259790779063266,1.339903917174176,0.15679731082818793,False,False,False,False,2,1,0,0.0,0,363.73876348190976,False,False,False,False,False,0.08575207352853798,-0.08528033850254911,0.45254063720558846,-0.9007158990918056,-0.9005814331923898,-0.21446979962163396,5,-0.32970136664055805,True
BJA25K_C+0007_R-0014,28,24.4521722,-111.648158,24-26N,4,8,12,0.3333333333333333,Planicies de Magdalena,,184.01379938951,0.0,184.01379938951,623.63578697693,1.0,0.0,1.0,0.295066131918945,0.295066131918945,,False,True,False,False,False,True,True,1,1,1,1,-0.0,1.0,0.0,False,False,False,False,2,1,0,0.0,0,273.1064126330429,False,False,False,False,False,0.0,-0.757147538817445,-0.9050812744111771,-0.9007158990918056,-0.9005814331923898,-0.7354448908226539,5,-0.8397942072670942,True
BJA25K_C+0008_R-0014,29,24.4486833,-111.4012646,24-26N,0,2,2,0.0,Planicies de Magdalena,,596.155476229927,0.0,596.155476229927,623.635492146744,1.0,0.0,1.0,0.95593577295894,0.95593577295894,Planicies de Magdalena,False,False,True,False,False,True,True,1,1,1,1,-0.0,1.0,0.0,False,False,False,False,3,1,0,0.0,0,277.5880870579103,False,False,False,False,False,0.0,-0.757147538817445,-0.9050812744111771,-0.9007158990918056,-0.9005814331923898,-0.7354448908226539,5,-0.8397942072670942,True
BJA25K_C+0009_R-0014,30,24.4447584,-111.1543783,24-26N,2,1,3,0.6666666666666666,Planicies de Magdalena,,623.6347640525,0.0,623.6347640525,623.634764052501,1.0,0.0,1.0,0.999999999999999,0.999999999999999,Planicies de Magdalena,False,False,True,False,False,True,True,1,1,1,1,-0.0,1.0,0.0,False,False,False,False,2,1,0,0.0,0,284.20786636199915,False,False,False,False,False,0.0,-0.757147538817445,-0.9050812744111771,-0.9007158990918056,-0.9005814331923898,-0.7354448908226539,5,-0.8397942072670942,True
BJA25K_C+0010_R-0014,31,24.4403975,-110.9074999,24-26N,0,5,5,0.0,Planicies de Magdalena,Sierra de la Giganta,561.606324866415,34.1638188469583,623.634618072836,623.634618072837,0.900537443867209,0.054781787054304,0.845755656812905,0.900537443867208,0.999999999999999,Planicies de Magdalena,False,False,True,False,False,True,True,3,3,2,3,0.3923288768732575,1.4804245087332346,0.18403489687480468,True,True,True,False,4,3,2,0.5,2,292.82102969454564,False,False,False,False,False,0.09946255613279098,0.19247808576709188,1.810162548822354,1.9846282522361816,0.7143545778634305,-0.13117362226700005,5,0.9140899684844115,True
BJA25K_C+0011_R-0014,32,24.4356008,-110.6606302,24-26N,1,1,2,0.5,Costa Central del Golfo,Planicies de Magdalena,152.631306206761,70.5015198755531,223.132826082314,623.634280891867,0.684037884011091,0.315962115988909,0.368075768022182,0.244744894377007,0.357794356274336,,False,True,False,False,False,True,True,2,2,2,2,0.6237882658864754,1.8659835110916818,0.4322601144974403,True,False,False,False,3,2,2,0.6666666666666666,1,303.25803130415903,False,False,False,False,False,0.315962115988909,0.9545888893858476,0.45254063720558846,0.541956176572188,1.2526665815487037,1.1841400873599206,5,0.8771784744144495,True
BJA25K_C+0006_R-0013,36,24.680094,-111.8920942,24-26N,2,4,6,0.3333333333333333,Planicies de Magdalena,,311.295487649886,0.0,311.295487649886,623.66084553669,1.0,0.0,1.0,0.499142265989138,0.499142265989138,,False,True,False,False,False,True,True,1,1,1,1,-0.0,1.0,0.0,False,False,False,False,2,1,0,0.0,0,245.88821403300514,False,False,False,False,False,0.0,-0.757147538817445,-0.9050812744111771,-0.9007158990918056,-0.9005814331923898,-0.7354448908226539,5,-0.8397942072670942,True
BJA25K_C+0007_R-0013,37,24.6770297,-111.644739,24-26N,6,8,14,0.4285714285714285,Planicies de Magdalena,,618.08406976521,0.0,618.08406976521,623.660678701609,1.0,0.0,1.0,0.99105826433052,0.99105826433052,Planicies de Magdalena,False,False,True,False,False,True,True,1,1,1,1,-0.0,1.0,0.0,False,False,False,False,3,1,0,0.0,0,248.34997449064264,False,False,False,False,False,0.0,-0.757147538817445,-0.9050812744111771,-0.9007158990918056,-0.9005814331923898,-0.7354448908226539,5,-0.8397942072670942,True
BJA25K_C+0008_R-0013,38,24.6735278,-111.3973902,24-26N,1,1,2,0.5,Planicies de Magdalena,,623.660411841459,0.0,623.660411841459,623.660411841459,1.0,0.0,1.0,1.0,1.0,Planicies de Magdalena,False,False,True,False,False,True,True,1,1,1,1,-0.0,1.0,0.0,False,False,False,False,3,1,0,0.0,0,253.268889068845,False,False,False,False,False,0.0,-0.757147538817445,-0.9050812744111771,-0.9007158990918056,-0.9005814331923898,-0.7354448908226539,5,-0.8397942072670942,True
BJA25K_C+0010_R-0013,39,24.665211,-110.9027152,24-26N,1,0,1,1.0,Sierra de la Giganta,Planicies de Magdalena,450.098776284805,128.074891281638,623.659344086141,623.659344086143,0.721706137417604,0.205360334124887,0.516345803292717,0.721706137417601,0.999999999999997,Sierra de la Giganta,False,False,True,False,False,True,True,3,3,3,3,0.7514134794107161,2.1199944683480223,0.4316480848086156,True,True,True,False,3,3,2,0.6666666666666666,2,269.8753098436053,False,False,False,False,False,0.27829386258239597,1.4566767503317763,1.810162548822354,1.9846282522361816,1.2526665815487037,0.9552917231590202,5,1.4918851712196073,True
BJA25K_C+0011_R-0013,40,24.6603964,-110.6553907,24-26N,0,2,2,0.0,Costa Central del Golfo,Sierra de la Giganta,148.040570735176,10.807437412284,158.84800814746,623.658896580509,0.931963657975167,0.0680363420248327,0.863927315950335,0.237374262672873,0.254703346682643,,False,True,False,False,False,True,True,2,2,2,2,0.24852969839015174,1.2821388992651552,0.12681479637742532,True,True,True,True,3,2,2,0.6666666666666666,1,281.1638517406372,False,False,False,False,False,0.068036342024833,-0.19946090217868379,0.45254063720558846,0.541956176572188,1.2526665815487037,-0.32209932338777303,5,0.34512063395200465,True
BJA25K_C+0005_R-0012,41,24.9075882,-112.1369225,24-26N,1,4,5,0.2,Planicies de Magdalena,,301.240848215023,0.0,301.240848215023,623.686287543063,1.0,0.0,1.0,0.483000595382215,0.483000595382215,Planicies de Magdalena,False,False,True,False,False,True,True,1,1,1,1,-0.0,1.0,0.0,False,False,False,False,2,1,0,0.0,0,220.99249251864413,False,False,False,False,False,0.0,-0.757147538817445,-0.9050812744111771,-0.9007158990918056,-0.9005814331923898,-0.7354448908226539,5,-0.8397942072670942,True
BJA25K_C+0006_R-0012,42,24.9049518,-111.8891016,24-26N,1,6,7,0.1428571428571428,Planicies de Magdalena,,620.426760320794,0.0,620.426760320794,623.685820264317,1.0,0.0,1.0,0.994774516531189,0.994774516531189,Planicies de Magdalena,False,False,True,False,False,True,True,1,1,1,1,-0.0,1.0,0.0,False,False,False,False,3,1,0,0.0,0,220.914754897246,False,False,False,False,False,0.0,-0.757147538817445,-0.9050812744111771,-0.9007158990918056,-0.9005814331923898,-0.7354448908226539,5,-0.8397942072670942,True
BJA25K_C+0008_R-0012,43,24.8983609,-111.3934777,24-26N,0,1,1,0.0,Planicies de Magdalena,,623.685261774441,0.0,623.685261774441,623.685261774441,1.0,0.0,1.0,1.0,1.0,Planicies de Magdalena,False,False,True,False,False,True,True,1,1,1,1,-0.0,1.0,0.0,False,False,False,False,2,1,0,0.0,0,229.09906650508282,False,False,False,False,False,0.0,-0.757147538817445,-0.9050812744111771,-0.9007158990918056,-0.9005814331923898,-0.7354448908226539,5,-0.8397942072670942,True
BJA25K_C+0010_R-0012,44,24.890013,-110.8978835,24-26N,2,2,4,0.5,Sierra de la Giganta,Planicies de Magdalena,593.87427421805,28.1117568423743,623.684273459035,623.68427345904,0.952203381567319,0.0450736984058662,0.907129683161452,0.952203381567311,0.999999999999993,Sierra de la Giganta,False,False,True,False,False,True,True,3,2,1,2,0.2024213789645561,1.2243638205864211,0.09126966755030841,True,True,True,False,2,1,0,0.0,0,247.33089617351052,False,False,False,False,False,0.047796618432681015,-0.31366135236050074,0.45254063720558846,-0.9007158990918056,-0.9005814331923898,-0.4450630187297367,5,-0.4214962132337689,True
BJA25K_C+0011_R-0012,45,24.8851803,-110.6500996,24-26N,1,4,5,0.2,Sierra de la Giganta,Costa Central del Golfo,105.803508802459,80.9827137034471,186.786222505906,623.683884560854,0.566441718147138,0.433558281852862,0.132883436294276,0.169642845392674,0.299488614552588,,False,True,False,False,False,True,True,2,2,2,2,0.6842920076857054,1.98236783739288,0.4911709961793125,True,True,True,True,2,2,1,0.5,1,259.60011294071717,False,False,False,False,False,0.43355828185286205,1.1846386402760445,0.45254063720558846,0.541956176572188,0.7143545778634305,1.8985796421710885,5,0.9584139348176681,True
BJA25K_C+0005_R-0011,46,25.1324457,-112.1343651,24-26N,0,6,6,0.0,Planicies de Magdalena,,305.572668004243,0.0,305.572668004243,623.711449844424,1.0,0.0,1.0,0.489926340265942,0.489926340265942,Planicies de Magdalena,False,False,True,False,False,True,True,1,1,1,1,-0.0,1.0,0.0,False,False,False,False,2,1,0,0.0,0,196.03917531750457,False,False,False,False,False,0.0,-0.757147538817445,-0.9050812744111771,-0.9007158990918056,-0.9005814331923898,-0.7354448908226539,5,-0.8397942072670942,True
BJA25K_C+0006_R-0011,47,25.1297994,-111.8860795,24-26N,0,5,5,0.0,Planicies de Magdalena,,623.711251240953,0.0,623.711251240953,623.711251240952,1.0,0.0,1.0,1.0,1.0,Planicies de Magdalena,False,False,True,False,False,True,True,1,1,1,1,-0.0,1.0,0.0,False,False,False,False,3,1,0,0.0,0,195.95052825402863,False,False,False,False,False,0.0,-0.757147538817445,-0.9050812744111771,-0.9007158990918056,-0.9005814331923898,-0.7354448908226539,5,-0.8397942072670942,True
BJA25K_C+0007_R-0011,48,25.126712,-111.6377997,24-26N,1,5,6,0.1666666666666666,Planicies de Magdalena,,623.710742147392,0.0,623.710742147392,623.710742147392,1.0,0.0,1.0,1.0,1.0,Planicies de Magdalena,False,False,True,False,False,True,True,1,1,1,1,-0.0,1.0,0.0,False,False,False,False,3,1,0,0.0,0,199.02851128500845,False,False,False,False,False,0.0,-0.757147538817445,-0.9050812744111771,-0.9007158990918056,-0.9005814331923898,-0.7354448908226539,5,-0.8397942072670942,True
BJA25K_C+0008_R-0011,49,25.1231837,-111.3895266,24-26N,1,0,1,1.0,Planicies de Magdalena,,623.710312810359,0.0,623.710312810359,623.71031281036,1.0,0.0,1.0,0.999999999999999,0.999999999999999,Planicies de Magdalena,False,False,True,False,False,True,True,1,1,1,1,-0.0,1.0,0.0,False,False,False,False,2,1,0,0.0,0,205.13086904851764,False,False,False,False,False,0.0,-0.757147538817445,-0.9050812744111771,-0.9007158990918056,-0.9005814331923898,-0.7354448908226539,5,-0.8397942072670942,True
BJA25K_C+0007_R-0010,50,25.3515385,-111.6342788,24-26N,1,1,2,0.5,Planicies de Magdalena,,623.736107005808,0.0,623.736107005808,623.736107005809,1.0,0.0,1.0,1.0,1.0,Planicies de Magdalena,False,False,True,False,False,True,True,1,1,1,1,-0.0,1.0,0.0,False,False,False,False,2,1,0,0.0,0,174.51639689160828,False,False,False,False,False,0.0,-0.757147538817445,-0.9050812744111771,-0.9007158990918056,-0.9005814331923898,-0.7354448908226539,5,-0.8397942072670942,True
BJA25K_C+0009_R-0010,51,25.3440127,-111.1368025,24-26N,0,1,1,0.0,Sierra de la Giganta,Costa Central del Golfo,524.617243371995,48.4633798304086,620.207382822191,623.735290177204,0.845873909118555,0.0781406045343751,0.76773330458418,0.84108956416904,0.994343902917516,Sierra de la Giganta,False,False,True,False,False,True,True,3,3,3,3,0.5366169407485668,1.7102113181561853,0.27261758166009586,True,True,True,True,1,1,0,0.0,0,191.4113430579208,False,False,False,False,False,0.15412609088144502,0.6466835612432064,1.810162548822354,-0.9007158990918056,-0.9005814331923898,0.2009272684662447,5,0.1712952092495219,True
BJA25K_C+0005_R-0009,52,25.5821337,-112.1291747,24-26N,1,0,1,1.0,Planicies de Magdalena,,168.100783711957,0.0,168.100783711957,623.762169748749,1.0,0.0,1.0,0.269494996433766,0.269494996433766,,False,True,False,False,False,True,True,1,1,1,1,-0.0,1.0,0.0,False,False,False,False,2,1,0,0.0,0,146.18737155353642,False,False,False,False,False,0.0,-0.757147538817445,-0.9050812744111771,-0.9007158990918056,-0.9005814331923898,-0.7354448908226539,5,-0.8397942072670942,True
BJA25K_C+0006_R-0009,53,25.5794672,-111.879946,24-26N,0,7,7,0.0,Planicies de Magdalena,,623.419951711605,0.0,623.419951711605,623.762002113324,1.0,0.0,1.0,0.999451633154055,0.999451633154055,Planicies de Magdalena,False,False,True,False,False,True,True,1,1,1,1,-0.0,1.0,0.0,False,False,False,False,3,1,0,0.0,0,146.06608023211524,False,False,False,False,False,0.0,-0.757147538817445,-0.9050812744111771,-0.9007158990918056,-0.9005814331923898,-0.7354448908226539,5,-0.8397942072670942,True
BJA25K_C+0007_R-0009,54,25.5763565,-111.6307233,24-26N,2,2,4,0.5,Planicies de Magdalena,,623.761573205617,0.0,623.761573205617,623.761573205617,1.0,0.0,1.0,0.999999999999999,0.999999999999999,Planicies de Magdalena,False,False,True,False,False,True,True,1,1,1,1,-0.0,1.0,0.0,False,False,False,False,4,2,1,0.25,1,150.16729696035014,False,False,False,False,False,0.0,-0.757147538817445,-0.9050812744111771,0.541956176572188,-0.09311342766447968,-0.7354448908226539,5,-0.3897661910287135,True
BJA25K_C+0008_R-0009,55,25.5728014,-111.3815077,24-26N,1,0,1,1.0,Sierra de la Giganta,Planicies de Magdalena,422.937296590437,200.823730307275,623.761026897712,623.761026897713,0.678043799392091,0.321956200607909,0.356087598784183,0.678043799392091,0.999999999999999,Sierra de la Giganta,False,False,True,False,False,True,True,2,2,2,2,0.6283352028586733,1.8744873390415075,0.43660081099605763,False,True,False,False,3,2,1,0.3333333333333333,1,158.1632462752459,False,False,False,False,False,0.32195620060790897,0.9713978838926136,0.45254063720558846,0.541956176572188,0.17604257417815697,1.220556335417303,5,0.6724987214531699,True
BJA25K_C+0009_R-0009,56,25.5688021,-111.1323001,24-26N,1,1,2,0.5,Sierra de la Giganta,Costa Central del Golfo,216.447905215931,103.080073172022,319.527978387953,623.760731122119,0.677398912946308,0.322601087053692,0.354797825892616,0.347004699745286,0.512260490994898,,False,True,False,False,False,True,True,2,2,2,2,0.6288145597410317,1.8753861028454684,0.43705925137093593,True,True,True,True,3,2,1,0.3333333333333333,1,169.50399866379865,False,False,False,False,False,0.32260108705369195,0.9731744151127646,0.45254063720558846,0.541956176572188,0.17604257417815697,1.2244742555454302,5,0.6736376117228255,True
BJA25K_C+0005_R-0008,58,25.8069659,-112.1265412,24-26N,2,1,3,0.6666666666666666,Planicies de Magdalena,,303.048613933428,0.0,303.048613933428,623.787638014902,1.0,0.0,1.0,0.48582016613511,0.48582016613511,,False,True,False,False,False,True,True,1,1,1,1,-0.0,1.0,0.0,False,False,False,False,2,1,0,0.0,0,121.31001952978838,False,False,False,True,False,0.0,-0.757147538817445,-0.9050812744111771,-0.9007158990918056,-0.9005814331923898,-0.7354448908226539,5,-0.8397942072670942,True
BJA25K_C+0006_R-0008,59,25.8042893,-111.876834,24-26N,0,1,1,0.0,Planicies de Magdalena,,623.787619698571,0.0,623.787619698571,623.787619698572,1.0,0.0,1.0,0.999999999999999,0.999999999999999,Planicies de Magdalena,False,False,True,False,False,True,True,1,1,1,1,-0.0,1.0,0.0,False,False,False,False,4,1,0,0.0,0,121.16254695616266,False,False,False,True,False,0.0,-0.757147538817445,-0.9050812744111771,-0.9007158990918056,-0.9005814331923898,-0.7354448908226539,5,-0.8397942072670942,True
BJA25K_C+0007_R-0008,60,25.8011667,-111.6271329,24-26N,4,5,9,0.4444444444444444,Planicies de Magdalena,Sierra de la Giganta,321.432145789751,302.354920092153,623.787065881904,623.787065881902,0.515291456605169,0.484708543394831,0.0305829132103372,0.51529145660517,1.0,Sierra de la Giganta,False,False,False,True,False,True,False,2,2,2,2,0.6926794503413283,1.9990647583002186,0.4995323427097844,False,True,False,False,3,2,1,0.3333333333333333,1,126.07508266632205,False,False,False,False,False,0.48470854339483105,1.2176424185118344,0.45254063720558846,0.541956176572188,0.17604257417815697,2.2093361180820175,5,0.919503584909957,True
BJA25K_C+0008_R-0008,61,25.7975981,-111.3774391,24-26N,6,11,17,0.3529411764705882,Sierra de la Giganta,Costa Central del Golfo,411.779109591279,90.8621210566571,502.853655150313,623.786862274829,0.8188845907229,0.180692971257207,0.638191619465693,0.660127897034574,0.806130564078416,Sierra de la Giganta,False,False,True,False,False,True,True,3,2,2,2,0.47606290426543657,1.6097242712965483,0.29677789876094984,True,True,True,True,4,3,3,0.75,2,135.49877473602143,False,False,False,False,False,0.18111540927710001,0.4480569864076474,0.45254063720558846,1.9846282522361816,1.5218225833913406,0.36489721151316534,5,0.9543891341507846,True
BJA25K_C+0009_R-0008,62,25.7935835,-111.1277535,24-26N,0,1,1,0.0,Costa Central del Golfo,Sierra de la Giganta,11.426219557496,6.72170037691259,18.1479199344086,623.786477947911,0.629615933880764,0.370384066119236,0.259231867761528,0.0183175172297501,0.0290931602014047,,False,True,False,False,True,False,False,2,2,2,2,0.6591597707720808,1.9331673481088034,0.46639941936843476,True,True,True,True,2,2,2,1.0,1,148.5781376847947,False,False,False,False,False,0.370384066119236,1.0873870544036857,0.45254063720558846,0.541956176572188,2.329290588919251,1.5147732635133682,5,1.1851895441228164,True
BJA25K_C+0004_R-0007,63,26.0340305,-112.3740778,26-28N,0,1,1,0.0,Planicies de Magdalena,,63.2105184540327,0.0,63.2105184540327,623.813924803527,1.0,0.0,1.0,0.101329123863243,0.101329123863243,,False,True,False,False,False,True,True,1,1,1,1,-0.0,1.0,0.0,False,False,False,False,1,1,0,0.0,0,102.94650587736209,False,False,False,True,False,0.0,-0.757147538817445,-0.9050812744111771,-0.9007158990918056,-0.9005814331923898,-0.7354448908226539,5,-0.8397942072670942,True
BJA25K_C+0006_R-0007,64,26.0291046,-111.8736914,26-28N,6,10,16,0.375,Planicies de Magdalena,Sierra de la Giganta,382.147676577275,241.66559332821,623.813269905485,623.813269905486,0.61259946688081,0.38740053311919,0.225198933761619,0.612599466880809,1.0,Planicies de Magdalena,False,False,True,False,False,True,True,2,2,2,2,0.667571100270248,1.949496434035826,0.4746427201163146,False,True,False,False,2,2,1,0.5,1,96.31050242266379,False,False,True,True,False,0.38740053311919,1.1196637558218345,0.45254063720558846,0.541956176572188,0.7143545778634305,1.618154500636105,5,0.8893339296198294,True
BJA25K_C+0008_R-0007,65,26.0223878,-111.3733306,26-28N,7,13,20,0.35,Costa Central del Golfo,Sierra de la Giganta,291.003391858865,101.717664417503,392.721056276368,623.81258695064,0.740992588016667,0.259007411983333,0.481985176033334,0.466491696298348,0.629549746977841,Costa Central del Golfo,False,False,True,False,False,True,True,2,2,2,2,0.5720161387879521,1.7718357194797916,0.38384514504205813,True,True,True,True,2,2,1,0.5,1,113.81822043125369,False,False,False,True,False,0.259007411983333,0.7684927311185763,0.45254063720558846,0.541956176572188,0.7143545778634305,0.8381195085833931,5,0.6630927262686352,True
BJA25K_C+0003_R-0006,66,26.260657,-112.6225691,26-28N,1,1,2,0.5,Desierto de Vizcaíno,,189.257846494174,0.0,189.257846494174,623.839987458026,1.0,0.0,1.0,0.303375625639752,0.303375625639752,,False,True,False,False,False,True,True,1,1,1,1,-0.0,1.0,0.0,False,False,False,False,2,2,1,0.5,1,94.76553899733184,False,False,True,True,False,0.0,-0.757147538817445,-0.9050812744111771,0.541956176572188,0.7143545778634305,-0.7354448908226539,5,-0.22827258992313154,True
BJA25K_C+0004_R-0006,67,26.2588588,-112.3718805,26-28N,4,7,11,0.3636363636363636,Planicies de Magdalena,Desierto de Vizcaíno,385.012713957704,88.2633074268451,473.276021384549,623.839883747684,0.813505642714299,0.186494357285701,0.627011285428598,0.617165917069555,0.758649829410344,Planicies de Magdalena,False,False,True,False,False,True,True,2,2,2,2,0.48109963021412133,1.617852463859811,0.3034284239725884,False,False,False,False,3,2,1,0.3333333333333333,1,80.27430712283432,False,False,True,True,False,0.18649435728570096,0.4641234855127499,0.45254063720558846,0.541956176572188,0.17604257417815697,0.39757628053199007,5,0.40644783080013475,True
BJA25K_C+0005_R-0006,68,26.2566111,-112.1211966,26-28N,7,3,10,0.7,Planicies de Magdalena,Sierra de la Giganta,585.714807963314,38.1249908425715,623.839798805885,623.839798805885,0.938886568449868,0.0611134315501319,0.877773136899736,0.938886568449868,1.0,Planicies de Magdalena,False,False,True,False,False,True,True,2,2,2,2,0.2300202412752281,1.2586254858565127,0.11475716006859837,False,True,False,False,3,2,2,0.6666666666666666,1,71.81584840989632,True,False,True,True,False,0.06111343155013205,-0.24593842255576182,0.45254063720558846,0.541956176572188,1.2526665815487037,-0.3641585269443324,5,0.3274132891652772,True
BJA25K_C+0006_R-0006,69,26.253914,-111.8705181,26-28N,0,5,5,0.0,Sierra de la Giganta,Planicies de Magdalena,555.648760366616,68.1905824696236,623.83934283624,623.83934283624,0.890692077611521,0.109307922388479,0.781384155223042,0.890692077611521,1.0,Sierra de la Giganta,False,False,True,False,False,True,True,2,2,2,2,0.34506593107549316,1.41208301675061,0.19471940098318696,False,True,False,False,4,2,2,0.5,1,71.56274688027938,True,False,True,True,False,0.10930792238847897,0.05739165526802796,0.45254063720558846,0.541956176572188,0.7143545778634305,-0.07135943501871712,5,0.33897672237810356,True
BJA25K_C+0007_R-0006,70,26.2507674,-111.6198462,26-28N,1,0,1,1.0,Sierra de la Giganta,Costa Central del Golfo,385.690477387888,238.148443857946,623.838921245834,623.838921245833,0.61825330907159,0.38174669092841,0.23650661814318,0.618253309071591,1.0,Sierra de la Giganta,False,False,True,False,False,True,True,2,2,2,2,0.6649127450238679,1.9443208622647095,0.47203230978723787,True,True,True,True,3,2,2,0.6666666666666666,1,79.59387914051584,False,False,True,True,False,0.38174669092840996,1.1094335209225201,0.45254063720558846,0.541956176572188,1.2526665815487037,1.583805349300452,5,0.9880804531098903,True
BJA25K_C+0008_R-0006,71,26.2471714,-111.3691819,26-28N,1,6,7,0.1428571428571428,Costa Central del Golfo,Sierra de la Giganta,274.308362950047,0.464611385438569,274.772974335486,623.838516151182,0.998309108140776,0.0016908918592237,0.996618216281553,0.439710527401246,0.440455289664892,,False,True,False,False,False,True,True,2,1,1,1,0.012481577369510164,1.0125597973538099,0.003376065487888269,True,True,True,True,3,2,1,0.3333333333333333,1,93.80563218449292,False,False,True,True,False,0.0016908918592239974,-0.7323213586581192,-0.9050812744111771,0.541956176572188,0.17604257417815697,-0.7251721066866863,5,-0.3289151978011276,True
BJA25K_C+0003_R-0005,72,26.4854873,-112.6208432,26-28N,0,1,1,0.0,Desierto de Vizcaíno,,623.267961527856,0.0,623.267961527856,623.866376465326,1.0,0.0,1.0,0.999040796298623,0.999040796298623,Desierto de Vizcaíno,False,False,True,False,False,True,True,1,1,1,1,-0.0,1.0,0.0,False,False,False,False,1,1,0,0.0,0,77.95296809700093,False,False,True,True,True,0.0,-0.757147538817445,-0.9050812744111771,-0.9007158990918056,-0.9005814331923898,-0.7354448908226539,5,-0.8397942072670942,True
BJA25K_C+0005_R-0005,73,26.4814259,-112.1184849,26-28N,1,1,2,0.5,Sierra de la Giganta,Planicies de Magdalena,591.406681496909,32.4589106021862,623.865592099095,623.865592099094,0.94797130822206,0.0520286917779405,0.895942616444119,0.947971308222062,1.0,Sierra de la Giganta,False,False,True,False,False,True,True,2,2,2,2,0.20444582453978954,1.2268449891534492,0.09864341401963328,False,True,False,False,3,3,2,0.6666666666666666,2,47.46907066045921,True,True,True,True,True,0.052028691777940006,-0.3087569788172437,0.45254063720558846,1.9846282522361816,1.2526665815487037,-0.41935163116449076,5,0.5923453722017478,True
BJA25K_C+0006_R-0005,74,26.4787183,-111.8673137,26-28N,0,1,1,0.0,Sierra de la Giganta,Costa Central del Golfo,408.381236458323,198.047780198923,606.429016657246,623.865193323987,0.673419683493048,0.326580316506952,0.346839366986096,0.654598526778591,0.972051371268462,Sierra de la Giganta,False,False,True,False,False,True,True,2,2,2,2,0.6317303746671504,1.8808623616350215,0.43985122675434196,True,True,True,True,4,2,2,0.5,1,47.082934990562585,True,True,True,True,True,0.32658031650695196,0.983998999576884,0.45254063720558846,0.541956176572188,0.7143545778634305,1.2486495243409073,5,0.7882999831117996,True
BJA25K_C+0007_R-0005,75,26.4755596,-111.6161492,26-28N,2,3,5,0.4,Costa Central del Golfo,Sierra de la Giganta,494.2130628332,67.3459014377935,561.558964270993,623.864915421339,0.880073321373792,0.119926678626208,0.760146642747584,0.792179605899818,0.900129099088275,Costa Central del Golfo,False,False,True,False,False,True,True,2,2,2,2,0.36677887809671217,1.4430787875048963,0.2110885407597879,True,True,True,True,3,2,2,0.6666666666666666,1,58.57057001541812,True,False,True,True,True,0.11992667862620798,0.11865909193488265,0.45254063720558846,0.541956176572188,1.2526665815487037,-0.006846621838156479,5,0.4717951730846412,True
BJA25K_C+0008_R-0005,76,26.4719497,-111.3649925,26-28N,2,7,9,0.2222222222222222,Costa Central del Golfo,,63.607016791872,0.0,63.607016791872,623.864500932261,1.0,0.0,1.0,0.101956461213648,0.101956461213648,,False,True,False,False,False,True,True,1,1,1,1,-0.0,1.0,0.0,True,False,False,False,2,1,0,0.0,0,76.77594395366889,False,False,True,True,True,0.0,-0.757147538817445,-0.9050812744111771,-0.9007158990918056,-0.9005814331923898,-0.7354448908226539,5,-0.8397942072670942,True
BJA25K_C-0001_R-0004,77,26.7130319,-113.6258438,26-28N,1,4,5,0.2,Desierto de Vizcaíno,,188.002157143406,0.0,188.002157143406,623.892860163742,1.0,0.0,1.0,0.301337247382611,0.301337247382611,,False,True,False,False,False,True,True,1,1,1,1,-0.0,1.0,0.0,False,False,False,False,0,1,0,,0,164.52945033655456,False,False,False,False,True,0.0,-0.757147538817445,-0.9050812744111771,-0.9007158990918056,,-0.7354448908226539,4,-0.8245974007857704,True
BJA25K_C+0001_R-0004,79,26.7125788,-113.122469,26-28N,2,1,3,0.6666666666666666,Desierto de Vizcaíno,,306.626538969874,0.0,306.626538969874,623.892705564358,1.0,0.0,1.0,0.491473191199611,0.491473191199611,,False,True,False,False,False,True,True,1,1,1,1,-0.0,1.0,0.0,False,False,False,False,0,1,0,,0,115.09306114937287,False,False,False,True,True,0.0,-0.757147538817445,-0.9050812744111771,-0.9007158990918056,,-0.7354448908226539,4,-0.8245974007857704,True
BJA25K_C+0005_R-0004,80,26.7062365,-112.1157466,26-28N,0,1,1,0.0,Costa Central del Golfo,Sierra de la Giganta,338.333559815957,285.558556407143,623.8921162231,623.892116223102,0.542294975394385,0.457705024605615,0.0845899507887702,0.542294975394384,0.999999999999997,Costa Central del Golfo,False,False,True,True,False,True,False,2,2,2,2,0.6895651716965225,1.9928487977543632,0.4964222701127765,True,True,True,True,3,2,1,0.3333333333333333,1,24.47569250284478,True,True,True,True,True,0.457705024605615,1.205355711009515,0.45254063720558846,0.541956176572188,0.17604257417815697,2.045279902470176,5,0.884235000287125,True
BJA25K_C+0006_R-0004,81,26.7035185,-111.8640779,26-28N,1,4,5,0.2,Costa Central del Golfo,Sierra de la Giganta,423.842842091717,21.8857149707593,445.728557062476,623.891660540456,0.950899006527662,0.049100993472338,0.901798013055324,0.679353273811283,0.714432625491991,,False,True,False,False,False,True,True,2,2,1,2,0.19585961723546258,1.2163561379108931,0.09338017182473501,True,True,True,True,3,2,1,0.3333333333333333,1,23.714048056112482,True,True,True,True,True,0.049100993472337984,-0.329489646970769,0.45254063720558846,0.541956176572188,0.17604257417815697,-0.4371384651034098,5,0.08078225517635092,True
BJA25K_C+0000_R-0003,82,26.9378657,-113.3739047,26-28N,1,1,2,0.5,Desierto de Vizcaíno,,618.222047560382,0.0,618.222047560382,623.919274747253,1.0,0.0,1.0,0.990868646926834,0.990868646926834,Desierto de Vizcaíno,False,False,True,False,False,True,True,1,1,1,1,-0.0,1.0,0.0,False,False,False,False,1,1,0,0.0,0,138.30915065497345,False,False,False,False,True,0.0,-0.757147538817445,-0.9050812744111771,-0.9007158990918056,-0.9005814331923898,-0.7354448908226539,5,-0.8397942072670942,True
BJA25K_C+0004_R-0003,84,26.9333178,-112.3651587,26-28N,1,0,1,1.0,Sierra de la Giganta,Costa Central del Golfo,539.987547632341,83.9310859171952,623.918633549536,623.918633549536,0.865477513566628,0.134522486433372,0.730955027133257,0.865477513566629,1.0,Sierra de la Giganta,False,False,True,False,False,True,True,2,2,2,2,0.3948942232727907,1.484227185923161,0.23285237415430982,True,True,True,True,2,2,2,1.0,1,38.49228314978348,True,True,True,True,True,0.13452248643337195,0.1999946042542501,0.45254063720558846,0.541956176572188,2.329290588919251,0.08182822870011305,5,0.721122047130278,True
BJA25K_C+0005_R-0003,85,26.9310439,-112.1129816,26-28N,2,4,6,0.3333333333333333,Costa Central del Golfo,Sierra de la Giganta,559.924271831188,37.9515764961367,597.875848327324,623.918304550475,0.936522646629206,0.0634773533707938,0.873045293258412,0.897432031962271,0.95825982979949,Costa Central del Golfo,False,False,True,False,False,True,True,2,2,2,2,0.2364302688388008,1.2667192227380777,0.11889595795966623,True,True,True,True,4,2,1,0.25,1,13.953187354614467,True,True,True,True,True,0.06347735337079397,-0.22994002988082254,0.45254063720558846,0.541956176572188,-0.09311342766447968,-0.3497968405682989,5,0.06432930313283505,True
BJA25K_C+0006_R-0003,86,26.9283153,-111.8608104,26-28N,4,6,10,0.4,Costa Central del Golfo,,146.134976149452,0.0,146.134976149452,623.918030768359,1.0,0.0,1.0,0.234221434455878,0.234221434455878,,False,True,False,False,False,True,True,1,1,1,1,-0.0,1.0,0.0,True,False,False,False,2,1,0,0.0,0,12.562794401380918,True,True,True,True,True,0.0,-0.757147538817445,-0.9050812744111771,-0.9007158990918056,-0.9005814331923898,-0.7354448908226539,5,-0.8397942072670942,True
BJA25K_C-0004_R-0002,87,27.1599579,-114.3844365,26-28N,0,2,2,0.0,Desierto de Vizcaíno,,247.024639162185,0.0,247.024639162185,623.945571767431,1.0,0.0,1.0,0.395907352082724,0.395907352082724,,False,True,False,False,False,True,True,1,1,1,1,-0.0,1.0,0.0,False,False,False,False,1,1,0,0.0,0,240.04817651141664,False,False,False,False,True,0.0,-0.757147538817445,-0.9050812744111771,-0.9007158990918056,-0.9005814331923898,-0.7354448908226539,5,-0.8397942072670942,True
BJA25K_C+0000_R-0002,89,27.1626973,-113.3736508,26-28N,2,0,2,1.0,Desierto de Vizcaíno,,623.945742984028,0.0,623.945742984028,623.945742984028,1.0,0.0,1.0,1.0,1.0,Desierto de Vizcaíno,False,False,True,False,False,True,True,1,1,1,1,-0.0,1.0,0.0,False,False,False,False,3,1,0,0.0,0,141.334503014621,False,False,False,False,True,0.0,-0.757147538817445,-0.9050812744111771,-0.9007158990918056,-0.9005814331923898,-0.7354448908226539,5,-0.8397942072670942,True
BJA25K_C+0001_R-0002,90,27.1622407,-113.120953,26-28N,0,3,3,0.0,Desierto de Vizcaíno,,623.945768895339,0.0,623.945768895339,623.94576889534,1.0,0.0,1.0,1.0,1.0,Desierto de Vizcaíno,False,False,True,False,False,True,True,1,1,1,1,-0.0,1.0,0.0,False,False,False,False,3,1,0,0.0,0,116.99776995131052,False,False,False,True,True,0.0,-0.757147538817445,-0.9050812744111771,-0.9007158990918056,-0.9005814331923898,-0.7354448908226539,5,-0.8397942072670942,True
BJA25K_C+0002_R-0002,91,27.1613276,-112.8682569,26-28N,0,1,1,0.0,Desierto de Vizcaíno,Sierra de la Giganta,601.42633217924,22.5192567247778,623.945588904018,623.945588904017,0.963908300458805,0.0360916995411951,0.92781660091761,0.963908300458805,1.0,Desierto de Vizcaíno,False,False,True,False,False,True,True,2,2,1,2,0.15531793701836952,1.1680292618177472,0.06957817753084639,False,True,False,False,2,1,0,0.0,0,93.01317419085824,False,False,True,True,True,0.036091699541194955,-0.42501441529530903,0.45254063720558846,-0.9007158990918056,-0.9005814331923898,-0.5161746657846981,5,-0.45798915523172284,True
BJA25K_C+0004_R-0002,92,27.1581316,-112.362874,26-28N,1,4,5,0.2,Costa Central del Golfo,Sierra de la Giganta,499.227794564833,124.717656350573,623.945450915406,623.945450915405,0.800114487303983,0.199885512696017,0.600228974607966,0.800114487303985,1.0,Costa Central del Golfo,False,False,True,False,False,True,True,2,2,2,2,0.5002436694679456,1.6491230626851818,0.319862589020534,True,True,True,True,3,2,1,0.3333333333333333,1,48.241619186158914,True,True,True,True,True,0.19988551269601695,0.5259341579511208,0.45254063720558846,0.541956176572188,0.17604257417815697,0.47893242883381115,5,0.4350811949481731,True
BJA25K_C+0005_R-0002,93,27.1558489,-112.1101895,26-28N,1,1,2,0.5,Costa Central del Golfo,,315.925339462045,0.0,315.925339462045,623.945091452542,1.0,0.0,1.0,0.506335162805066,0.506335162805066,,False,True,False,False,False,True,True,1,1,1,1,-0.0,1.0,0.0,True,False,False,False,2,1,0,0.0,0,32.251564098911714,True,True,True,True,True,0.0,-0.757147538817445,-0.9050812744111771,-0.9007158990918056,-0.9005814331923898,-0.7354448908226539,5,-0.8397942072670942,True
BJA25K_C-0004_R-0001,95,27.3847775,-114.3862309,26-28N,0,3,3,0.0,Desierto de Vizcaíno,,591.159873991587,0.0,591.159873991587,623.972034293596,1.0,0.0,1.0,0.947414053036599,0.947414053036599,Desierto de Vizcaíno,False,False,True,False,False,True,True,1,1,1,1,-0.0,1.0,0.0,False,False,False,False,3,1,0,0.0,0,244.3752751450378,False,False,False,False,True,0.0,-0.757147538817445,-0.9050812744111771,-0.9007158990918056,-0.9005814331923898,-0.7354448908226539,5,-0.8397942072670942,True
BJA25K_C-0003_R-0001,96,27.3861526,-114.1330249,26-28N,1,0,1,1.0,Desierto de Vizcaíno,,623.972291890864,0.0,623.972291890864,623.972291890864,1.0,0.0,1.0,1.0,1.0,Desierto de Vizcaíno,False,False,True,False,False,True,True,1,1,1,1,-0.0,1.0,0.0,False,False,False,False,2,1,0,0.0,0,220.0731629571137,False,False,False,False,True,0.0,-0.757147538817445,-0.9050812744111771,-0.9007158990918056,-0.9005814331923898,-0.7354448908226539,5,-0.8397942072670942,True
BJA25K_C-0002_R-0001,97,27.3870693,-113.8798161,26-28N,1,2,3,0.3333333333333333,Desierto de Vizcaíno,,623.972796900572,0.0,623.972796900572,623.972796900572,1.0,0.0,1.0,1.0,1.0,Desierto de Vizcaíno,False,False,True,False,False,True,True,1,1,1,1,-0.0,1.0,0.0,False,False,False,False,1,1,0,0.0,0,195.9469465272728,False,False,False,False,True,0.0,-0.757147538817445,-0.9050812744111771,-0.9007158990918056,-0.9005814331923898,-0.7354448908226539,5,-0.8397942072670942,True
BJA25K_C+0000_R-0001,98,27.3875276,-113.3733945,26-28N,0,1,1,0.0,Desierto de Vizcaíno,,623.972532375511,0.0,623.972532375511,623.972532375511,1.0,0.0,1.0,1.0,1.0,Desierto de Vizcaíno,False,False,True,False,False,True,True,1,1,1,1,-0.0,1.0,0.0,False,False,False,False,3,1,0,0.0,0,148.56389499433607,False,False,False,False,True,0.0,-0.757147538817445,-0.9050812744111771,-0.9007158990918056,-0.9005814331923898,-0.7354448908226539,5,-0.8397942072670942,True
BJA25K_C+0001_R-0001,99,27.3870693,-113.1201839,26-28N,0,6,6,0.0,Desierto de Vizcaíno,Desierto Central,531.708981695976,92.2638152049682,623.972796900944,623.972796900944,0.852134875649691,0.147865124350309,0.704269751299382,0.852134875649691,1.0,Desierto de Vizcaíno,False,False,True,False,False,True,True,2,2,2,2,0.4189879865904732,1.520422089227269,0.25200205870235326,False,False,False,False,4,2,1,0.25,1,125.63506874403846,False,False,False,False,True,0.14786512435030896,0.27153884696486924,0.45254063720558846,0.541956176572188,-0.09311342766447968,0.16288961555188544,5,0.26716236972601026,True
BJA25K_C+0002_R-0001,100,27.3861526,-112.8669751,26-28N,2,4,6,0.3333333333333333,Desierto de Vizcaíno,Desierto Central,393.932690132143,225.457054375039,623.972291893566,623.972291893567,0.631330421638879,0.361325426311552,0.270004995327327,0.631330421638879,0.999999999999999,Desierto Central,False,False,False,False,False,True,True,3,2,2,2,0.6942739937049883,2.002254896474992,0.4708118984447225,True,False,False,False,3,1,0,0.0,0,103.66795407425418,False,False,False,True,True,0.368669578361121,1.2239481687424343,0.45254063720558846,-0.9007158990918056,-0.9005814331923898,1.5043571256942665,5,0.2759097198716188,True
BJA25K_C+0003_R-0001,101,27.3847775,-112.6137691,26-28N,1,3,4,0.25,Desierto de Vizcaíno,Costa Central del Golfo,448.185843226928,152.389293980748,623.972034294433,623.972034294435,0.718278734613036,0.244224557520539,0.474054177092498,0.718278734613035,0.999999999999998,Desierto de Vizcaíno,False,False,True,False,False,True,True,3,3,2,3,0.7050725505529907,2.0239935214449782,0.4230240218057718,True,True,True,False,2,2,1,0.5,1,83.42577326693157,False,False,True,True,True,0.28172126538696396,1.2669175737987337,1.810162548822354,0.541956176572188,0.7143545778634305,0.9761144440008457,5,1.0619010642115103,True
BJA25K_C+0004_R-0001,102,27.3829441,-112.360567,26-28N,2,3,5,0.4,Costa Central del Golfo,Sierra de la Giganta,488.420762286074,8.94657211025295,498.143027439069,623.971790554671,0.980482984569761,0.0179598461033308,0.96252313846643,0.78276096720959,0.798342224728223,Costa Central del Golfo,False,False,True,False,False,True,True,3,2,1,2,0.10158392767306132,1.1069228159497444,0.03832813612080688,True,True,True,True,2,2,1,0.5,1,66.50297085102397,True,False,True,True,True,0.019517015430238982,-0.5457997744281103,0.45254063720558846,0.541956176572188,0.7143545778634305,-0.6168719108893274,5,0.10923594126475382,True
BJA25K_C-0006_R+0000,103,27.6054552,-114.895477,26-28N,3,1,4,0.75,Desierto de Vizcaíno,,124.141437674534,0.0,124.141437674534,623.998765182223,1.0,0.0,1.0,0.198945005345134,0.198945005345134,,False,True,False,False,False,True,True,1,1,1,1,-0.0,1.0,0.0,False,False,False,False,2,1,0,0.0,0,298.9820943744383,False,False,False,False,False,0.0,-0.757147538817445,-0.9050812744111771,-0.9007158990918056,-0.9005814331923898,-0.7354448908226539,5,-0.8397942072670942,True
BJA25K_C-0005_R+0000,104,27.607756,-114.6417626,26-28N,4,6,10,0.4,Desierto de Vizcaíno,,589.067449863174,0.0,589.067449863174,623.9988961322,1.0,0.0,1.0,0.944020019128967,0.944020019128967,Desierto de Vizcaíno,False,False,True,False,False,True,True,1,1,1,1,-0.0,1.0,0.0,False,False,False,False,2,1,0,0.0,0,274.95934168411657,False,False,False,False,False,0.0,-0.757147538817445,-0.9050812744111771,-0.9007158990918056,-0.9005814331923898,-0.7354448908226539,5,-0.8397942072670942,True
BJA25K_C-0004_R+0000,105,27.6095966,-114.3880429,26-28N,1,3,4,0.25,Desierto de Vizcaíno,,623.999245109978,0.0,623.999245109978,623.999245109978,1.0,0.0,1.0,1.0,1.0,Desierto de Vizcaíno,False,False,True,False,False,True,True,1,1,1,1,-0.0,1.0,0.0,False,False,False,False,2,1,0,0.0,0,251.12798084919604,False,False,False,False,False,0.0,-0.757147538817445,-0.9050812744111771,-0.9007158990918056,-0.9005814331923898,-0.7354448908226539,5,-0.8397942072670942,True
BJA25K_C-0001_R+0000,107,27.6123575,-113.6268644,26-28N,0,1,1,0.0,Desierto de Vizcaíno,,623.99936831942,0.0,623.99936831942,623.99936831942,1.0,0.0,1.0,1.0,1.0,Desierto de Vizcaíno,False,False,True,False,False,True,True,1,1,1,1,-0.0,1.0,0.0,False,False,False,False,2,1,0,0.0,0,181.53203969716992,False,False,False,False,False,0.0,-0.757147538817445,-0.9050812744111771,-0.9007158990918056,-0.9005814331923898,-0.7354448908226539,5,-0.8397942072670942,True
BJA25K_C+0000_R+0000,108,27.6123575,-113.3731356,26-28N,0,2,2,0.0,Desierto de Vizcaíno,,623.999368319369,0.0,623.999368319369,623.999368319369,1.0,0.0,1.0,1.0,1.0,Desierto de Vizcaíno,False,False,True,False,False,True,True,1,1,1,1,-0.0,1.0,0.0,False,False,False,False,3,2,1,0.3333333333333333,1,159.42640323746403,False,False,False,False,False,0.0,-0.757147538817445,-0.9050812744111771,0.541956176572188,0.17604257417815697,-0.7354448908226539,5,-0.3359349906601862,True
BJA25K_C+0001_R+0000,109,27.6118974,-113.1194073,26-28N,1,3,4,0.25,Desierto Central,Desierto de Vizcaíno,542.006086370121,81.9932617605966,623.999348130718,623.999348130718,0.868600404782121,0.131399595217879,0.737200809564242,0.868600404782121,1.0,Desierto Central,False,False,True,False,False,True,True,2,2,2,2,0.38903864548056094,1.4755615740173385,0.22826748318891288,False,False,False,False,2,2,2,1.0,1,138.30986997338997,False,False,False,False,False,0.13139959521787903,0.1828658213364674,0.45254063720558846,0.541956176572188,2.329290588919251,0.06285552671336932,5,0.7139017501493728,True
BJA25K_C-0006_R+0001,110,27.8302583,-114.8983519,26-28N,0,3,3,0.0,Desierto de Vizcaíno,,288.062085294409,0.0,288.062085294409,624.025660529895,1.0,0.0,1.0,0.461618974209809,0.461618974209809,Desierto de Vizcaíno,False,False,True,False,False,True,True,1,1,1,1,-0.0,1.0,0.0,False,False,False,False,1,1,0,0.0,0,306.57210350281184,False,False,False,False,False,0.0,-0.757147538817445,-0.9050812744111771,-0.9007158990918056,-0.9005814331923898,-0.7354448908226539,5,-0.8397942072670942,True
BJA25K_C-0003_R+0001,112,27.8358019,-114.1356263,26-28N,0,5,5,0.0,Desierto de Vizcaíno,,371.633066045054,0.0,371.633066045054,624.026268937024,1.0,0.0,1.0,0.595540740100732,0.595540740100732,Desierto de Vizcaíno,False,False,True,False,False,True,True,1,1,1,1,-0.0,1.0,0.0,False,False,False,False,2,1,0,0.0,0,237.4315921652021,False,False,False,False,False,0.0,-0.757147538817445,-0.9050812744111771,-0.9007158990918056,-0.9005814331923898,-0.7354448908226539,5,-0.8397942072670942,True
BJA25K_C-0002_R+0001,113,27.8367259,-113.8813769,26-28N,2,3,5,0.4,Desierto de Vizcaíno,,607.673950708079,0.0,607.673950708079,624.02636672331,1.0,0.0,1.0,0.973795312366214,0.973795312366214,Desierto de Vizcaíno,False,False,True,False,False,True,True,1,1,1,1,-0.0,1.0,0.0,False,False,False,False,3,1,0,0.0,0,215.2591932850298,False,False,False,False,False,0.0,-0.757147538817445,-0.9050812744111771,-0.9007158990918056,-0.9005814331923898,-0.7354448908226539,5,-0.8397942072670942,True
BJA25K_C-0001_R+0001,114,27.8371879,-113.6271258,26-28N,1,1,2,0.5,Desierto de Vizcaíno,,624.026545592258,0.0,624.026545592258,624.026545592258,1.0,0.0,1.0,1.0,1.0,Desierto de Vizcaíno,False,False,True,False,False,True,True,1,1,1,1,-0.0,1.0,0.0,False,False,False,False,2,1,0,0.0,0,193.77645992572866,False,False,False,False,False,0.0,-0.757147538817445,-0.9050812744111771,-0.9007158990918056,-0.9005814331923898,-0.7354448908226539,5,-0.8397942072670942,True
BJA25K_C-0003_R+0002,115,28.0606281,-114.1369461,28-30N,3,2,5,0.6,Desierto de Vizcaíno,,258.762556778786,0.0,258.762556778786,624.053572622699,1.0,0.0,1.0,0.414647985574844,0.414647985574844,Desierto de Vizcaíno,False,False,True,False,False,True,True,1,1,1,1,-0.0,1.0,0.0,False,False,False,False,3,1,0,0.0,0,249.43798526755737,False,False,False,False,False,0.0,-0.757147538817445,-0.9050812744111771,-0.9007158990918056,-0.9005814331923898,-0.7354448908226539,5,-0.8397942072670942,True
BJA25K_C-0002_R+0002,116,28.0615557,-113.8821689,28-30N,1,1,2,0.5,Desierto de Vizcaíno,,624.053710027828,0.0,624.053710027828,624.053710027828,1.0,0.0,1.0,1.0,1.0,Desierto de Vizcaíno,False,False,True,False,False,True,True,1,1,1,1,-0.0,1.0,0.0,False,False,False,False,3,1,0,0.0,0,228.43360696681137,False,False,False,False,False,0.0,-0.757147538817445,-0.9050812744111771,-0.9007158990918056,-0.9005814331923898,-0.7354448908226539,5,-0.8397942072670942,True
BJA25K_C+0000_R+0002,117,28.0620195,-113.3726102,28-30N,0,5,5,0.0,Desierto de Vizcaíno,Desierto Central,314.515708653379,309.538077175755,624.053785829134,624.053785829134,0.503988143001978,0.496011856998022,0.0079762860039554,0.503988143001978,1.0,Desierto Central,False,False,False,True,False,True,False,2,2,2,2,0.6931153696534242,1.999936379198881,0.49996818943079147,False,False,False,False,0,1,0,,0,189.3600426331953,False,False,False,False,False,0.49601185699802197,1.2193652980178689,0.45254063720558846,-0.9007158990918056,,2.2780078666822,4,0.7622994757034629,True
BJA25K_C-0003_R+0003,118,28.2854563,-114.1382788,28-30N,1,2,3,0.3333333333333333,Desierto de Vizcaíno,,168.892151467476,0.0,168.892151467476,624.080650290825,1.0,0.0,1.0,0.270625521539198,0.270625521539198,,False,True,False,False,False,True,True,1,1,1,1,-0.0,1.0,0.0,False,False,False,False,3,1,0,0.0,0,263.27695867124464,False,False,False,False,False,0.0,-0.757147538817445,-0.9050812744111771,-0.9007158990918056,-0.9005814331923898,-0.7354448908226539,5,-0.8397942072670942,True
BJA25K_C-0002_R+0003,119,28.2863876,-113.8829685,28-30N,1,8,9,0.1111111111111111,Desierto de Vizcaíno,Desierto Central,400.089285634677,223.991690858727,624.080976493404,624.080976493404,0.641085533295223,0.358914466704777,0.282171066590445,0.641085533295222,1.0,Desierto de Vizcaíno,False,False,True,False,False,True,True,2,2,2,2,0.6527910594763102,1.9208946853872069,0.4601897445896054,False,False,False,False,3,2,1,0.3333333333333333,1,243.46905454031108,False,False,False,False,False,0.358914466704777,1.06312843563954,0.45254063720558846,0.541956176572188,0.17604257417815697,1.4450912680220478,5,0.7357518183235042,True
BJA25K_C+0001_R+0003,120,28.2863876,-113.1170315,28-30N,0,2,2,0.0,Costa Central del Golfo,Desierto Central,329.126902143501,294.954074350512,624.080976494013,624.080976494013,0.527378520640836,0.472621479359164,0.0547570412816718,0.527378520640836,1.0,Costa Central del Golfo,False,False,True,True,False,True,False,2,2,2,2,0.6916472637080207,1.997002414922322,0.4985008332150387,True,False,False,False,2,1,0,0.0,0,191.4803696032962,False,False,False,False,False,0.472621479359164,1.213565911000786,0.45254063720558846,-0.9007158990918056,-0.9005814331923898,2.1359028000382434,5,0.4001424031920845,True
BJA25K_C+0002_R+0003,121,28.2854563,-112.8617212,28-30N,1,1,2,0.5,Costa Central del Golfo,,353.508952286884,0.0,353.508952286884,624.080650292537,1.0,0.0,1.0,0.566447545074787,0.566447545074787,,False,True,False,False,False,True,True,1,1,1,1,-0.0,1.0,0.0,True,False,False,False,2,1,0,0.0,0,177.84050459951146,False,False,False,False,False,0.0,-0.757147538817445,-0.9050812744111771,-0.9007158990918056,-0.9005814331923898,-0.7354448908226539,5,-0.8397942072670942,True
BJA25K_C-0003_R+0004,122,28.5102875,-114.1396246,28-30N,1,1,2,0.5,Desierto de Vizcaíno,Desierto Central,171.119483855168,22.2224319433929,193.341915798561,624.108464016319,0.88506148885715,0.11493851114285,0.7701229777143,0.274182283563284,0.309788966094691,,False,True,False,False,False,True,True,2,2,2,2,0.3567175222352127,1.4286322560042126,0.20345529959823017,False,False,False,False,3,2,2,0.6666666666666666,1,278.6757674886879,False,False,False,False,False,0.11493851114285003,0.09010352024768854,0.45254063720558846,0.541956176572188,1.2526665815487037,-0.037151556781840726,5,0.46002307175846563,True
BJA25K_C-0002_R+0004,123,28.5112226,-113.883776,28-30N,2,3,5,0.4,Desierto Central,Desierto de Vizcaíno,532.9623494406,91.1462282797723,624.108577720372,624.108577720372,0.853957738230911,0.146042261769089,0.707915476461822,0.853957738230911,1.0,Desierto Central,False,False,True,False,False,True,True,2,2,2,2,0.4157821135567203,1.5155556138705328,0.24942783909291544,False,False,False,False,3,2,2,0.6666666666666666,1,260.043086630069,False,False,False,False,False,0.14604226176908897,0.2619195839669193,0.45254063720558846,0.541956176572188,1.2526665815487037,0.15181506119510982,5,0.5321796080977019,True
BJA25K_C+0001_R+0004,124,28.5112226,-113.116224,28-30N,1,0,1,1.0,Costa Central del Golfo,,417.895923827682,0.0,417.895923827682,624.108577720489,1.0,0.0,1.0,0.669588495889635,0.669588495889635,Costa Central del Golfo,False,False,True,False,False,True,True,1,1,1,1,-0.0,1.0,0.0,True,False,False,False,2,1,0,0.0,0,212.15449840597105,False,False,False,False,False,0.0,-0.757147538817445,-0.9050812744111771,-0.9007158990918056,-0.9005814331923898,-0.7354448908226539,5,-0.8397942072670942,True
BJA25K_C+0002_R+0004,125,28.5102875,-112.8603754,28-30N,2,3,5,0.4,Costa Central del Golfo,,87.4814786645678,0.0,87.4814786645678,624.108464017241,1.0,0.0,1.0,0.140170312867526,0.140170312867526,,False,True,False,False,False,True,True,1,1,1,1,-0.0,1.0,0.0,True,False,False,False,2,1,0,0.0,0,199.92988506010173,False,False,False,False,False,0.0,-0.757147538817445,-0.9050812744111771,-0.9007158990918056,-0.9005814331923898,-0.7354448908226539,5,-0.8397942072670942,True
BJA25K_C-0004_R+0005,126,28.7337144,-114.3973725,28-30N,1,0,1,1.0,Desierto Central,,135.318712813228,0.0,135.318712813228,624.135764130722,1.0,0.0,1.0,0.216809740107901,0.216809740107901,,False,True,False,False,False,True,True,1,1,1,1,-0.0,1.0,0.0,False,False,False,False,2,1,0,0.0,0,313.91700844164393,False,False,False,False,False,0.0,-0.757147538817445,-0.9050812744111771,-0.9007158990918056,-0.9005814331923898,-0.7354448908226539,5,-0.8397942072670942,True
BJA25K_C-0003_R+0005,127,28.7351226,-114.1409835,28-30N,0,3,3,0.0,Desierto Central,Desierto de Vizcaíno,570.23749746155,11.5772055547772,581.814703016327,624.135791067259,0.980101558976153,0.0198984410238467,0.960203117952307,0.913643321890667,0.932192499362096,Desierto Central,False,False,True,False,False,True,True,2,2,1,2,0.09764360043949274,1.1025697596978412,0.03900498613733405,False,False,False,False,4,2,1,0.25,1,295.39071416916295,False,False,False,False,False,0.01989844102384697,-0.554404193409492,0.45254063720558846,0.541956176572188,-0.09311342766447968,-0.6145546114324205,5,-0.05351508374572315,True
BJA25K_C-0002_R+0005,128,28.7360614,-113.8845914,28-30N,1,2,3,0.3333333333333333,Desierto Central,,624.135933608393,0.0,624.135933608393,624.135933608393,1.0,0.0,1.0,1.0,1.0,Desierto Central,False,False,True,False,False,True,True,1,1,1,1,-0.0,1.0,0.0,False,False,False,False,4,1,0,0.0,0,277.88068098693867,False,False,False,False,False,0.0,-0.757147538817445,-0.9050812744111771,-0.9007158990918056,-0.9005814331923898,-0.7354448908226539,5,-0.8397942072670942,True
BJA25K_C-0001_R+0005,129,28.7365308,-113.6281974,28-30N,0,4,4,0.0,Desierto Central,Desierto de San Felipe,562.446960863882,61.6889918692839,624.135952733166,624.135952733166,0.901160970459817,0.0988390295401834,0.802321940919633,0.901160970459816,1.0,Desierto Central,False,False,True,False,False,True,True,2,2,2,2,0.3225245465836772,1.3806087796725799,0.17813975155947626,False,False,False,False,3,2,1,0.3333333333333333,1,261.59092797414473,False,False,False,False,False,0.09883902954018298,-0.00482153639939059,0.45254063720558846,0.541956176572188,0.17604257417815697,-0.1349617735044405,5,0.20615121561042046,True
BJA25K_C+0000_R+0005,130,28.7365308,-113.3718026,28-30N,2,3,5,0.4,Costa Central del Golfo,Desierto Central,468.641965828371,62.3343715785148,580.609450934945,624.135952734435,0.807155248805759,0.107360242721056,0.699795006084703,0.750865198159437,0.930261184908843,Costa Central del Golfo,False,False,True,False,False,True,True,3,3,3,3,0.6227480524073418,1.864043499079857,0.3296665814192873,True,False,False,False,2,2,1,0.5,1,246.7631313155783,False,False,False,False,False,0.19284475119424105,0.9507541867740087,1.810162548822354,0.541956176572188,0.7143545778634305,0.43615723734772294,5,0.8906769454759409,True
BJA25K_C-0005_R+0006,131,28.9566634,-114.6562267,28-30N,1,0,1,1.0,Desierto Central,,90.032990941646,0.0,90.032990941646,624.163207088593,1.0,0.0,1.0,0.144245911837073,0.144245911837073,,False,True,False,False,False,True,True,1,1,1,1,-0.0,1.0,0.0,False,False,False,False,2,1,0,0.0,0,349.1828812102282,False,False,False,False,False,0.0,-0.757147538817445,-0.9050812744111771,-0.9007158990918056,-0.9005814331923898,-0.7354448908226539,5,-0.8397942072670942,True
BJA25K_C-0004_R+0006,132,28.9585485,-114.3992935,28-30N,2,2,4,0.5,Desierto Central,,539.900344919594,0.0,539.900344919594,624.163721556146,1.0,0.0,1.0,0.864997958506033,0.864997958506033,Desierto Central,False,False,True,False,False,True,True,1,1,1,1,-0.0,1.0,0.0,False,False,False,False,3,1,0,0.0,0,330.7413502315708,False,False,False,False,False,0.0,-0.757147538817445,-0.9050812744111771,-0.9007158990918056,-0.9005814331923898,-0.7354448908226539,5,-0.8397942072670942,True
BJA25K_C-0003_R+0006,133,28.9599624,-114.1423558,28-30N,1,4,5,0.2,Desierto Central,,624.163578703575,0.0,624.163578703575,624.163578703575,1.0,0.0,1.0,1.0,1.0,Desierto Central,False,False,True,False,False,True,True,1,1,1,1,-0.0,1.0,0.0,False,False,False,False,4,1,0,0.0,0,313.2113384621076,False,False,False,False,False,0.0,-0.757147538817445,-0.9050812744111771,-0.9007158990918056,-0.9005814331923898,-0.7354448908226539,5,-0.8397942072670942,True
BJA25K_C-0002_R+0006,134,28.960905,-113.8854148,28-30N,0,2,2,0.0,Desierto Central,,624.164007408855,0.0,624.164007408855,624.164007408855,1.0,0.0,1.0,1.0,1.0,Desierto Central,False,False,True,False,False,True,True,1,1,1,1,-0.0,1.0,0.0,False,False,False,False,3,1,0,0.0,0,296.7542650128664,False,False,False,False,False,0.0,-0.757147538817445,-0.9050812744111771,-0.9007158990918056,-0.9005814331923898,-0.7354448908226539,5,-0.8397942072670942,True
BJA25K_C-0001_R+0006,135,28.9613763,-113.6284718,28-30N,4,12,16,0.25,Desierto Central,Desierto de San Felipe,379.615241124342,151.395022015726,531.010263140068,624.163796318039,0.714892474732091,0.285107525267909,0.429784949464182,0.608198109796986,0.85075466772106,Desierto Central,False,False,True,False,False,True,True,2,2,2,2,0.597712717240469,1.8179558621958631,0.40764244860703536,False,False,False,False,4,3,2,0.5,2,281.5582137993236,False,False,False,False,False,0.28510752526790895,0.8596555850873703,0.45254063720558846,1.9846282522361816,0.7143545778634305,0.9966872065908787,5,1.00157325179669,True
BJA25K_C+0000_R+0006,136,28.9613763,-113.3715282,28-30N,1,0,1,1.0,Costa Central del Golfo,Desierto de San Felipe,70.4707783701274,39.2366360202794,109.707414390407,624.163796317046,0.642352012046777,0.357647987953223,0.284704024093555,0.112904302982564,0.175767026280199,,False,True,False,False,False,True,True,2,2,2,2,0.6520529147677718,1.919477310317838,0.45947180933246823,True,False,False,False,2,2,1,0.5,1,267.83782297731614,False,False,False,False,False,0.35764798795322295,1.0603267973778514,0.45254063720558846,0.541956176572188,0.7143545778634305,1.437396948153789,5,0.8413150274345694,True
BJA25K_C-0005_R+0007,138,29.1814954,-114.6587207,28-30N,1,0,1,1.0,Desierto Central,,510.575464691865,0.0,510.575464691865,624.191137595261,1.0,0.0,1.0,0.817979355905135,0.817979355905135,Desierto Central,False,False,True,False,False,True,True,1,1,1,1,-0.0,1.0,0.0,False,False,False,False,1,1,0,0.0,0,366.0947169688414,False,False,False,False,False,0.0,-0.757147538817445,-0.9050812744111771,-0.9007158990918056,-0.9005814331923898,-0.7354448908226539,5,-0.8397942072670942,True
BJA25K_C-0003_R+0007,139,29.1848078,-114.1437415,28-30N,0,4,4,0.0,Desierto Central,,624.191503589557,0.0,624.191503589557,624.191503589557,1.0,0.0,1.0,1.0,1.0,Desierto Central,False,False,True,False,False,True,True,1,1,1,1,-0.0,1.0,0.0,False,False,False,False,2,1,0,0.0,0,331.9598069556458,False,False,False,False,False,0.0,-0.757147538817445,-0.9050812744111771,-0.9007158990918056,-0.9005814331923898,-0.7354448908226539,5,-0.8397942072670942,True
BJA25K_C-0001_R+0007,140,29.1862274,-113.628749,28-30N,0,2,2,0.0,Desierto de San Felipe,Desierto Central,286.919945255878,54.5816850846356,341.501630340514,624.191771321667,0.84017152412944,0.15982847587056,0.68034304825888,0.459666337235353,0.547110112678058,,False,True,False,False,False,True,True,2,2,2,2,0.43938534379104544,1.5517531306268486,0.2685666683429073,False,False,False,False,1,2,1,1.0,1,302.275550752782,False,False,False,False,False,0.15982847587056004,0.333468992528031,0.45254063720558846,0.541956176572188,2.329290588919251,0.23557133498877433,5,0.7785655460427665,True
BJA25K_C-0006_R+0008,141,29.4039582,-114.9192797,28-30N,2,2,4,0.5,Desierto Central,,504.471804519927,0.0,504.471804519927,624.219025770198,1.0,0.0,1.0,0.808164736564189,0.808164736564189,Desierto Central,False,False,True,False,False,True,True,1,1,1,1,-0.0,1.0,0.0,False,False,False,False,1,1,0,0.0,0,401.4507093023523,False,False,False,False,False,0.0,-0.757147538817445,-0.9050812744111771,-0.9007158990918056,-0.9005814331923898,-0.7354448908226539,5,-0.8397942072670942,True
BJA25K_C-0004_R+0008,142,29.4082342,-114.4031923,28-30N,5,4,9,0.5555555555555556,Desierto Central,,624.21936978832,0.0,624.21936978832,624.21936978832,1.0,0.0,1.0,1.0,1.0,Desierto Central,False,False,True,False,False,True,True,1,1,1,1,-0.0,1.0,0.0,False,False,False,False,2,1,0,0.0,0,367.19599414254986,False,False,False,False,False,0.0,-0.757147538817445,-0.9050812744111771,-0.9007158990918056,-0.9005814331923898,-0.7354448908226539,5,-0.8397942072670942,True
BJA25K_C-0003_R+0008,143,29.4096596,-114.1451408,28-30N,0,1,1,0.0,Desierto Central,Desierto de San Felipe,601.871817075567,22.3477497552006,624.219566830768,624.219566830767,0.96419889580094,0.0358011041990604,0.928397791601879,0.96419889580094,1.0,Desierto Central,False,False,True,False,False,True,True,2,2,1,2,0.15436213388648878,1.1669133891534187,0.06903877027437644,False,False,False,False,3,2,1,0.3333333333333333,1,351.4878849598658,False,False,False,False,False,0.03580110419906002,-0.427220092267564,0.45254063720558846,0.541956176572188,0.17604257417815697,-0.5179401383691127,5,0.04507583146385132,True
BJA25K_C-0006_R+0009,144,29.628794,-114.9223877,28-30N,3,2,5,0.6,Desierto Central,,624.247045560288,0.0,624.247045560288,624.247045560288,1.0,0.0,1.0,1.0,1.0,Desierto Central,False,False,True,False,False,True,True,1,1,1,1,-0.0,1.0,0.0,False,False,False,False,3,1,0,0.0,0,419.2386249325983,False,False,False,False,False,0.0,-0.757147538817445,-0.9050812744111771,-0.9007158990918056,-0.9005814331923898,-0.7354448908226539,5,-0.8397942072670942,True
BJA25K_C-0005_R+0009,145,29.6311793,-114.6637822,28-30N,2,9,11,0.1818181818181818,Desierto Central,,624.247330287825,0.0,624.247330287825,624.247330287825,1.0,0.0,1.0,1.0,1.0,Desierto Central,False,False,True,False,False,True,True,1,1,1,1,-0.0,1.0,0.0,False,False,False,False,3,1,0,0.0,0,402.4554214029751,False,False,False,False,False,0.0,-0.757147538817445,-0.9050812744111771,-0.9007158990918056,-0.9005814331923898,-0.7354448908226539,5,-0.8397942072670942,True
BJA25K_C-0004_R+0009,146,29.6330875,-114.4051704,28-30N,0,3,3,0.0,Desierto Central,Desierto de San Felipe,425.991061790579,195.925117005488,621.916178796067,624.247671519446,0.684965396165174,0.315034603834826,0.369930792330348,0.682407129775428,0.996265115867067,Desierto Central,False,False,True,False,False,True,True,2,2,2,2,0.6230698726253556,1.864643482503338,0.43157560444292076,False,False,False,False,4,2,2,0.5,1,386.56217074792016,False,False,False,False,False,0.31503460383482595,0.9519401371635214,0.45254063720558846,0.541956176572188,0.7143545778634305,1.1785051130767314,5,0.767859328376292,True
BJA25K_C-0003_R+0009,147,29.6345187,-114.1465538,28-30N,0,3,3,0.0,Desierto de San Felipe,Desierto Central,336.420454296553,106.774280253622,443.194734550176,624.248029798497,0.759080440425372,0.240919559574628,0.518160880850745,0.538921131084943,0.709965772247989,Desierto de San Felipe,False,False,True,False,False,True,True,2,2,2,2,0.5521375696333962,1.736961929501591,0.36575465077798985,False,False,False,False,2,2,2,1.0,1,371.67293272497113,False,False,False,False,False,0.24091955957462796,0.6995598519925708,0.45254063720558846,0.541956176572188,2.329290588919251,0.7282292147338847,5,0.9503152938846966,True
BJA25K_C-0009_R+0010,148,29.8435794,-115.7030013,28-30N,0,1,1,0.0,Matorral Costero Rosetófilo,,302.629884215933,0.0,302.629884215933,624.274026609266,1.0,0.0,1.0,0.484770903988529,0.484770903988529,,False,True,False,False,False,True,True,1,1,1,1,-0.0,1.0,0.0,False,False,False,False,1,1,0,0.0,0,490.3971231064926,False,False,False,False,False,0.0,-0.757147538817445,-0.9050812744111771,-0.9007158990918056,-0.9005814331923898,-0.7354448908226539,5,-0.8397942072670942,True
BJA25K_C-0007_R+0010,149,29.8507639,-115.1846943,28-30N,1,3,4,0.25,Desierto Central,,624.275015721082,0.0,624.275015721082,624.275015721082,1.0,0.0,1.0,1.0,1.0,Desierto Central,False,False,True,False,False,True,True,1,1,1,1,-0.0,1.0,0.0,False,False,False,False,1,1,0,0.0,0,454.59025950779187,False,False,False,False,False,0.0,-0.757147538817445,-0.9050812744111771,-0.9007158990918056,-0.9005814331923898,-0.7354448908226539,5,-0.8397942072670942,True
BJA25K_C-0006_R+0010,150,29.8536379,-114.9255262,28-30N,1,1,2,0.5,Desierto Central,,624.275466747111,0.0,624.275466747111,624.275466747111,1.0,0.0,1.0,1.0,1.0,Desierto Central,False,False,True,False,False,True,True,1,1,1,1,-0.0,1.0,0.0,False,False,False,False,4,1,0,0.0,0,437.73313343109055,False,False,False,False,False,0.0,-0.757147538817445,-0.9050812744111771,-0.9007158990918056,-0.9005814331923898,-0.7354448908226539,5,-0.8397942072670942,True
BJA25K_C-0005_R+0010,151,29.8560329,-114.6663503,28-30N,3,4,7,0.4285714285714285,Desierto Central,Desierto de San Felipe,552.702166220259,71.5736545788604,624.275820799119,624.27582079912,0.885349308439912,0.114650691560088,0.770698616879824,0.885349308439911,0.999999999999999,Desierto Central,False,False,True,False,False,True,True,2,2,2,2,0.3561296002227092,1.4277925785097627,0.20301182096976267,False,False,False,False,4,2,2,0.5,1,421.6860084077692,False,False,False,False,False,0.114650691560088,0.08844378130718554,0.45254063720558846,0.541956176572188,0.7143545778634305,-0.03890016561669281,5,0.35167900146633996,True
BJA25K_C-0004_R+0010,152,29.8579489,-114.407168,28-30N,1,4,5,0.2,Desierto de San Felipe,Desierto Central,272.965687925733,7.91802701557143,280.883714941305,624.27594367098,0.971810302291017,0.0281896977089827,0.943620604582035,0.437251652403248,0.449935189380519,,False,True,False,False,False,True,True,2,2,1,2,0.12839193757655287,1.1369985478337983,0.05479007730411789,False,False,False,False,2,2,2,1.0,1,406.54466009612986,False,False,False,False,False,0.028189697708983052,-0.48635092209844993,0.45254063720558846,0.541956176572188,2.329290588919251,-0.5641822060786035,5,0.4546508549039947,True
BJA25K_C-0009_R+0011,153,30.0683906,-115.7078975,30-32N,4,7,11,0.3636363636363636,Matorral Costero Rosetófilo,,518.456926532906,0.0,518.456926532906,624.302446262085,1.0,0.0,1.0,0.830457944922509,0.830457944922509,Matorral Costero Rosetófilo,False,False,True,False,False,True,True,1,1,1,1,-0.0,1.0,0.0,False,False,False,False,3,2,1,0.3333333333333333,1,507.5351391731885,False,False,False,False,False,0.0,-0.757147538817445,-0.9050812744111771,0.541956176572188,0.17604257417815697,-0.7354448908226539,5,-0.3359349906601862,True
BJA25K_C-0008_R+0011,154,30.0722381,-115.4481739,30-32N,1,3,4,0.25,Desierto Central,Matorral Costero Rosetófilo,392.947953538756,231.355125963962,624.303079502718,624.303079502719,0.629418573190051,0.370581426809949,0.258837146380102,0.62941857319005,0.999999999999999,Desierto Central,False,False,True,False,False,True,True,2,2,2,2,0.65926440083053,1.9333696261034228,0.46650166582690256,False,False,False,False,2,2,1,0.5,1,489.9459545802705,False,False,False,False,False,0.370581426809949,1.0877868848941963,0.45254063720558846,0.541956176572188,0.7143545778634305,1.5159723016195366,5,0.862522115630988,True
BJA25K_C-0006_R+0011,156,30.0784905,-114.9286954,30-32N,0,5,5,0.0,Desierto Central,Desierto de San Felipe,598.954225211076,25.3496271598292,624.303852370905,624.303852370904,0.959395369636821,0.0406046303631789,0.918790739273642,0.959395369636822,1.0,Desierto Central,False,False,True,False,False,True,True,2,2,1,2,0.1698609582597261,1.1851400559280674,0.07791178871249715,False,False,False,False,2,2,1,0.5,1,456.8486256403347,False,False,False,False,False,0.04060463036317896,-0.39119255931424235,0.45254063720558846,0.541956176572188,0.7143545778634305,-0.4887569667154789,5,0.1657803731222971,True
BJA25K_C-0005_R+0011,157,30.0808954,-114.6689435,30-32N,1,2,3,0.3333333333333333,Desierto de San Felipe,Desierto Central,298.018404880851,183.827280741351,481.845685622202,624.304007899726,0.618493459158035,0.381506540841965,0.23698691831607,0.47736103101987,0.771812577726706,Desierto de San Felipe,False,False,True,False,False,True,True,2,2,2,2,0.6647968366371477,1.9440955122305297,0.47191860027352606,False,False,False,False,3,2,2,0.6666666666666666,1,441.49618247307154,False,False,False,False,False,0.381506540841965,1.1089880853482144,0.45254063720558846,0.541956176572188,1.2526665815487037,1.5823463500245225,5,0.9876995661398433,True
BJA25K_C-0009_R+0012,159,30.2932112,-115.7128418,30-32N,4,1,5,0.8,Matorral Costero Rosetófilo,,559.053867891741,0.0,559.053867891741,624.331125522128,1.0,0.0,1.0,0.89544449257468,0.89544449257468,Matorral Costero Rosetófilo,False,False,True,False,False,True,True,1,1,1,1,-0.0,1.0,0.0,False,False,False,False,3,2,1,0.3333333333333333,1,525.3056306803265,False,False,False,False,False,0.0,-0.757147538817445,-0.9050812744111771,0.541956176572188,0.17604257417815697,-0.7354448908226539,5,-0.3359349906601862,True
BJA25K_C-0008_R+0012,160,30.2970746,-115.4525371,30-32N,2,1,3,0.6666666666666666,Desierto Central,Matorral Costero Rosetófilo,489.355732233971,134.975961221344,624.331693455315,624.331693455314,0.783807289240228,0.216192710759772,0.567614578480456,0.783807289240229,1.0,Desierto Central,False,False,True,False,False,True,True,2,2,2,2,0.5220467906801853,1.6854739339241795,0.3389068451482278,False,False,False,False,3,2,1,0.3333333333333333,1,508.33085089471086,False,False,False,False,False,0.21619271075977198,0.5977866929009833,0.45254063720558846,0.541956176572188,0.17604257417815697,0.5780045987408228,5,0.4692661359195479,True
BJA25K_C-0007_R+0012,161,30.3004552,-115.1922213,30-32N,1,0,1,1.0,Desierto Central,Chaparral,556.747208520259,67.5848051325132,624.332013652773,624.332013652773,0.891748615072459,0.108251384927541,0.783497230144918,0.891748615072459,1.0,Desierto Central,False,False,True,False,False,True,True,2,2,2,2,0.34284374619753866,1.4089485911507984,0.19306604517762116,False,False,False,False,2,2,1,0.5,1,492.0424499095953,False,False,False,False,False,0.10825138492754105,0.051196028663167095,0.45254063720558846,0.541956176572188,0.7143545778634305,-0.07777828505254455,5,0.3364538270503659,True
BJA25K_C-0005_R+0012,162,30.3057677,-114.6715623,30-32N,1,2,3,0.3333333333333333,Desierto de San Felipe,,375.369200560513,0.0,375.369200560513,624.332665538997,1.0,0.0,1.0,0.601232678153161,0.601232678153161,Desierto de San Felipe,False,False,True,False,False,True,True,1,1,1,1,-0.0,1.0,0.0,False,False,False,False,2,1,0,0.0,0,461.81162178367754,False,False,False,False,False,0.0,-0.757147538817445,-0.9050812744111771,-0.9007158990918056,-0.9005814331923898,-0.7354448908226539,5,-0.8397942072670942,True
BJA25K_C-0010_R+0013,163,30.5136779,-115.9787134,30-32N,11,15,26,0.4230769230769231,Matorral Costero Rosetófilo,,405.59730462555,0.0,405.59730462555,624.359454995128,1.0,0.0,1.0,0.649621466257311,0.649621466257311,Matorral Costero Rosetófilo,False,False,True,False,False,True,True,1,1,1,1,-0.0,1.0,0.0,False,False,False,False,2,1,0,0.0,0,560.6693126349941,False,False,False,False,False,0.0,-0.757147538817445,-0.9050812744111771,-0.9007158990918056,-0.9005814331923898,-0.7354448908226539,5,-0.8397942072670942,True
BJA25K_C-0009_R+0013,164,30.518042,-115.7178347,30-32N,0,4,4,0.0,Matorral Costero Rosetófilo,Matorral Costero,570.696285044877,53.6634454068273,624.359730451704,624.359730451703,0.914050437929423,0.0859495620705766,0.828100875858847,0.914050437929425,1.0,Matorral Costero Rosetófilo,False,False,True,False,False,True,True,2,2,2,2,0.2930650438074624,1.3405299807700217,0.15712446970090554,False,False,False,False,3,2,1,0.3333333333333333,1,543.6467988472034,False,False,False,False,False,0.08594956207057702,-0.08404283703785022,0.45254063720558846,0.541956176572188,0.17604257417815697,-0.2132699847720757,5,0.17464531322920152,True
BJA25K_C-0007_R+0013,165,30.5253161,-115.1960403,30-32N,1,0,1,1.0,Chaparral,Desierto de San Felipe,365.169532087559,189.275436595465,624.360768500776,624.360768500779,0.58486943848892,0.303150752168422,0.281718686320497,0.584869438488917,0.999999999999995,Chaparral,False,False,True,False,False,True,True,3,3,3,3,0.9206951800651667,2.511035405072687,0.5534878836809576,False,False,False,False,3,3,3,1.0,2,511.5758284570206,False,False,False,False,False,0.41513056151107997,2.2296233569785193,1.810162548822354,1.9846282522361816,2.329290588919251,1.7866245267942942,5,2.0280658547501202,True
BJA25K_C-0006_R+0013,166,30.5282258,-114.9351277,30-32N,0,1,1,0.0,Desierto de San Felipe,Desierto Central,588.833961002652,35.5270385515856,624.360999554237,624.360999554238,0.943098562246921,0.0569014377530789,0.886197124493842,0.943098562246921,1.0,Desierto de San Felipe,False,False,True,False,False,True,True,2,2,2,2,0.21835519463257025,1.2440288615273816,0.10732732826942293,False,False,False,False,2,2,1,0.5,1,496.65449916809195,False,False,False,False,False,0.05690143775307899,-0.2747906735200725,0.45254063720558846,0.541956176572188,0.7143545778634305,-0.38974792393806895,5,0.20886255883661303,True
BJA25K_C-0005_R+0013,167,30.5306507,-114.6742067,30-32N,0,1,1,0.0,Desierto de San Felipe,,360.560494610684,0.0,360.560494610684,624.361348990772,1.0,0.0,1.0,0.577486891514825,0.577486891514825,Desierto de San Felipe,False,False,True,False,False,True,True,1,1,1,1,-0.0,1.0,0.0,False,False,False,False,2,1,0,0.0,0,482.5687598010126,False,False,False,False,False,0.0,-0.757147538817445,-0.9050812744111771,-0.9007158990918056,-0.9005814331923898,-0.7354448908226539,5,-0.8397942072670942,True
BJA25K_C-0010_R+0014,168,30.7385016,-115.9843477,30-32N,4,1,5,0.8,Matorral Costero Rosetófilo,,472.117945185915,0.0,472.117945185915,624.388051731825,1.0,0.0,1.0,0.756129051278979,0.756129051278979,Matorral Costero Rosetófilo,False,False,True,False,False,True,True,1,1,1,1,-0.0,1.0,0.0,False,False,False,False,3,2,1,0.3333333333333333,1,578.9723801411874,False,False,False,False,False,0.0,-0.757147538817445,-0.9050812744111771,0.541956176572188,0.17604257417815697,-0.7354448908226539,5,-0.3359349906601862,True
BJA25K_C-0009_R+0014,169,30.742884,-115.7228767,30-32N,1,0,1,1.0,Matorral Costero,Matorral Costero Rosetófilo,363.148830387549,227.016575192952,624.388542543343,624.388542543343,0.581607133449827,0.363582224408279,0.218024909041548,0.581607133449827,1.0,Matorral Costero,False,False,True,False,False,True,True,3,3,3,3,0.842225126842131,2.32152692575885,0.5265369019225963,False,False,False,False,3,2,2,0.6666666666666666,1,562.5030681168025,False,False,False,False,False,0.41839286655017305,1.8550335832240834,1.810162548822354,0.541956176572188,1.2526665815487037,1.8064442185560503,5,1.453252621744676,True
BJA25K_C-0007_R+0014,170,30.7501883,-115.199897,30-32N,1,0,1,1.0,Desierto de San Felipe,Sierras de Juárez y San Pedro Mártir,433.577792448598,101.079252921664,624.389545419278,624.389545419277,0.694402710022074,0.161884922102258,0.532517787919816,0.694402710022076,1.0,Desierto de San Felipe,False,False,True,False,False,True,True,3,3,3,3,0.8268158006063776,2.286027969915481,0.4709449036295128,False,False,False,False,2,2,1,0.5,1,531.5691726913886,False,False,False,False,False,0.305597289977926,1.7848649771224812,1.810162548822354,0.541956176572188,0.7143545778634305,1.1211699928285328,5,1.194501654641797,True
BJA25K_C-0011_R+0015,171,30.9584476,-116.2520915,30-32N,8,8,16,0.5,Matorral Costero Rosetófilo,,348.586583198513,0.0,348.586583198513,624.416197994404,1.0,0.0,1.0,0.558259994404624,0.558259994404624,Matorral Costero Rosetófilo,False,False,True,False,False,True,True,1,1,1,1,-0.0,1.0,0.0,False,False,False,False,2,2,1,0.5,1,614.3066971957123,False,False,False,False,False,0.0,-0.757147538817445,-0.9050812744111771,0.541956176572188,0.7143545778634305,-0.7354448908226539,5,-0.22827258992313154,True
BJA25K_C-0010_R+0015,172,30.9633371,-115.9900374,30-32N,2,12,14,0.1428571428571428,Matorral Costero Rosetófilo,Matorral Costero,503.795006325588,120.621994900667,624.417001226255,624.417001226256,0.806824614538386,0.193175385461613,0.613649229076773,0.806824614538385,0.999999999999998,Matorral Costero Rosetófilo,False,False,True,False,False,True,True,2,2,2,2,0.4907946858180189,1.633613914067159,0.311717311826742,False,False,False,False,4,2,2,0.5,1,597.7627595669965,False,False,False,False,False,0.19317538546161395,0.4952781762610978,0.45254063720558846,0.541956176572188,0.7143545778634305,0.4381659609914894,5,0.5284591057787589,True
BJA25K_C-0009_R+0015,173,30.9677378,-115.7279683,30-32N,12,8,20,0.6,Matorral Costero,Chaparral,480.279223176442,135.53496779994,624.417534038926,624.417534038925,0.769163575644405,0.217058234933375,0.55210534071103,0.769163575644406,1.0,Matorral Costero,False,False,True,False,False,True,True,3,3,2,3,0.5924791012251843,1.8084662334774642,0.361083278045768,False,False,False,False,4,4,3,0.75,3,581.8245802657106,False,False,False,False,False,0.23083642435559504,0.8408980187372553,1.810162548822354,3.4273003279001757,1.5218225833913406,0.6669704944000878,5,1.6534307946502427,True
BJA25K_C-0008_R+0015,174,30.9716497,-115.4658858,30-32N,6,6,12,0.5,Sierras de Juárez y San Pedro Mártir,Chaparral,531.252727086883,84.4015223935449,624.41801321736,624.418013217359,0.850796607147132,0.1351683016937,0.715628305453432,0.850796607147134,1.0,Sierras de Juárez y San Pedro Mártir,False,False,True,False,False,True,True,4,3,2,3,0.4688010291915427,1.5980769964471413,0.25768257049999,False,False,False,False,3,3,3,1.0,2,566.5431157573877,False,False,False,False,False,0.149203392852868,0.4250345334467443,1.810162548822354,1.9846282522361816,2.329290588919251,0.17102008431472082,5,1.3440272015478505,True
BJA25K_C-0007_R+0015,175,30.9750728,-115.2037915,30-32N,1,2,3,0.3333333333333333,Desierto de San Felipe,Sierras de Juárez y San Pedro Mártir,520.803456663655,103.615106442193,624.418563105847,624.418563105847,0.834061457227003,0.165938542772997,0.668122914454007,0.834061457227004,1.0,Desierto de San Felipe,False,False,True,False,False,True,True,2,2,2,2,0.44938742784640784,1.5673517753074977,0.27680588559074226,False,False,False,False,4,2,1,0.25,1,551.9727541785848,False,False,False,False,False,0.16593854277299702,0.364301875589288,0.45254063720558846,0.541956176572188,-0.09311342766447968,0.2726922176771922,5,0.30767549587595544,True
BJA25K_C-0006_R+0015,176,30.9780069,-114.9416871,30-32N,2,3,5,0.4,Desierto de San Felipe,,599.518349814165,0.0,599.518349814165,624.418753716004,1.0,0.0,1.0,0.96012226770312,0.96012226770312,Desierto de San Felipe,False,False,True,False,False,True,True,1,1,1,1,-0.0,1.0,0.0,False,False,False,False,3,1,0,0.0,0,538.1710962572523,False,False,False,False,False,0.0,-0.757147538817445,-0.9050812744111771,-0.9007158990918056,-0.9005814331923898,-0.7354448908226539,5,-0.8397942072670942,True
BJA25K_C-0005_R+0015,177,30.9804521,-114.679574,30-32N,0,2,2,0.0,Desierto de San Felipe,,91.9787262713271,0.0,91.9787262713271,624.419299499792,1.0,0.0,1.0,0.147302824151991,0.147302824151991,,False,True,False,False,False,True,True,1,1,1,1,-0.0,1.0,0.0,False,False,False,False,1,1,0,0.0,0,525.1986135331714,False,False,False,False,False,0.0,-0.757147538817445,-0.9050812744111771,-0.9007158990918056,-0.9005814331923898,-0.7354448908226539,5,-0.8397942072670942,True
BJA25K_C-0011_R+0016,178,31.1832752,-116.258441,30-32N,8,6,14,0.5714285714285714,Matorral Costero,Matorral Costero Rosetófilo,277.532220937613,220.886958253003,498.419179190616,624.445509611429,0.556824922725281,0.443175077274719,0.113649845450563,0.444445859031497,0.798178818678294,Matorral Costero,False,False,True,False,False,True,True,2,2,2,2,0.6866750620058052,1.9870975609876076,0.4935418563145316,False,False,False,False,3,2,1,0.3333333333333333,1,633.0387193263335,False,False,False,False,False,0.44317507727471905,1.1939875944636615,0.45254063720558846,0.541956176572188,0.17604257417815697,1.9570051783220732,5,0.8643064321483337,True
BJA25K_C-0010_R+0016,179,31.1881852,-115.9957831,30-32N,1,0,1,1.0,Matorral Costero,Chaparral,568.968867568478,47.595645263977,624.446093772634,624.446093772633,0.911157701589602,0.0762205829112081,0.834937118678394,0.911157701589604,1.0,Matorral Costero,False,False,True,False,False,True,True,3,3,2,3,0.3361610632019824,1.399564424986275,0.16382275787248646,False,False,False,False,3,3,2,0.6666666666666666,2,616.9961703526131,False,False,False,False,False,0.08884229841039804,0.03264692366707127,1.810162548822354,1.9846282522361816,1.2526665815487037,-0.1956955575139731,5,0.9768817497520674,True
BJA25K_C-0009_R+0016,180,31.1926045,-115.73311,30-32N,1,2,3,0.3333333333333333,Chaparral,Matorral Costero,500.164800444317,110.590532823987,624.446635970924,624.446635970926,0.800972848010676,0.177101655215156,0.623871192795519,0.800972848010674,0.999999999999998,Chaparral,False,False,True,False,False,True,True,3,3,2,3,0.5680847122434968,1.7648835524213273,0.3265967730609254,False,False,False,False,4,3,3,0.75,2,601.5667763277521,False,False,False,False,False,0.19902715198932397,0.7547508094116302,1.810162548822354,1.9846282522361816,1.5218225833913406,0.47371757478944887,5,1.309016353730191,True
BJA25K_C-0008_R+0016,181,31.1965328,-115.4704233,30-32N,3,3,6,0.5,Desierto de San Felipe,Chaparral,306.945856495066,242.62922034374,624.447122163268,624.447122163268,0.491548196157452,0.388550466055798,0.102997730101654,0.491548196157452,1.0,Chaparral,False,False,False,True,False,True,False,3,3,3,3,0.9707255411198961,2.639859091019427,0.5930325753791248,False,False,False,False,4,3,2,0.5,2,586.7987128239265,False,False,False,False,False,0.5084518038425481,2.4842612262059274,1.810162548822354,1.9846282522361816,0.7143545778634305,2.3535850763657185,5,1.869398336298722,True
BJA25K_C-0007_R+0016,182,31.1999703,-115.2077245,30-32N,2,3,5,0.4,Desierto de San Felipe,,624.447719487604,0.0,624.447719487604,624.447719487604,1.0,0.0,1.0,1.0,1.0,Desierto de San Felipe,False,False,True,False,False,True,True,1,1,1,1,-0.0,1.0,0.0,False,False,False,False,4,1,0,0.0,0,572.7429971047959,False,False,False,False,False,0.0,-0.757147538817445,-0.9050812744111771,-0.9007158990918056,-0.9005814331923898,-0.7354448908226539,5,-0.8397942072670942,True
BJA25K_C-0006_R+0016,183,31.2029168,-114.9450153,30-32N,2,4,6,0.3333333333333333,Desierto de San Felipe,,464.4059345352,0.0,464.4059345352,624.447924956624,1.0,0.0,1.0,0.743706426068209,0.743706426068209,Desierto de San Felipe,False,False,True,False,False,True,True,1,1,1,1,-0.0,1.0,0.0,False,False,False,False,3,1,0,0.0,0,559.4531682783746,False,False,False,False,False,0.0,-0.757147538817445,-0.9050812744111771,-0.9007158990918056,-0.9005814331923898,-0.7354448908226539,5,-0.8397942072670942,True
BJA25K_C-0012_R+0017,184,31.4026926,-116.5281034,30-32N,10,4,14,0.7142857142857143,Matorral Costero,Matorral Costero Rosetófilo,266.421899682487,7.09876423632902,273.520663918816,624.473796389006,0.974046698576178,0.0259533014238223,0.948093397152355,0.42663423385106,0.43800182729914,,False,True,False,False,False,True,True,2,2,1,2,0.12038091252291827,1.1279264110567915,0.05055945513805282,False,False,False,False,2,1,0,0.0,0,668.3291930155277,False,False,False,False,False,0.025953301423822017,-0.5042832577652907,0.45254063720558846,-0.9007158990918056,-0.9005814331923898,-0.577769128361429,5,-0.48616181624106536,True
BJA25K_C-0011_R+0017,185,31.4081161,-116.264853,30-32N,9,5,14,0.6428571428571429,Matorral Costero,Chaparral,590.338710874341,27.5364222756437,624.474560534001,624.474560534,0.945336684923611,0.0440953467377385,0.901241338185872,0.945336684923611,1.0,Matorral Costero,False,False,True,False,False,True,True,3,3,1,3,0.23886403581301027,1.2698058767226603,0.10428247057891005,False,False,False,False,3,2,1,0.3333333333333333,1,652.1935092639535,False,False,False,False,False,0.054663315076388996,-0.22383883049423334,1.810162548822354,0.541956176572188,0.17604257417815697,-0.40334533467845873,5,0.3801954268800013,True
BJA25K_C-0009_R+0017,186,31.4174848,-115.7383024,30-32N,4,1,5,0.8,Chaparral,Desierto de San Felipe,468.98247175287,135.367495978658,624.47555235846,624.475552358461,0.751002132880401,0.216769888696867,0.534232244183533,0.751002132880399,0.999999999999998,Chaparral,False,False,True,False,False,True,True,4,4,2,4,0.6778481459657097,1.9696348021894468,0.3884346625130334,False,False,False,False,3,2,1,0.3333333333333333,1,621.6898292993092,False,False,False,False,False,0.24899786711959904,1.1594700314975293,3.1677844604391194,0.541956176572188,0.17604257417815697,0.7773078764713246,5,1.1645122238316636,True
BJA25K_C-0008_R+0017,187,31.4214298,-115.4750055,30-32N,1,1,2,0.5,Desierto de San Felipe,Sierras de Juárez y San Pedro Mártir,408.512372624365,123.892435046471,624.476190452167,624.476190452168,0.654168051352882,0.198394169290528,0.455773882062354,0.654168051352881,0.999999999999999,Desierto de San Felipe,False,False,True,False,False,True,True,3,3,3,3,0.8807728680998148,2.4127637341231423,0.5109660153990923,False,False,False,False,3,2,1,0.3333333333333333,1,607.4102588589977,False,False,False,False,False,0.34583194864711797,2.0353757796630036,1.810162548822354,0.541956176572188,0.17604257417815697,1.3656102040923264,5,1.1858294566656058,True
BJA25K_C-0007_R+0017,188,31.4248817,-115.2116962,30-32N,1,1,2,0.5,Desierto de San Felipe,,624.476661117593,0.0,624.476661117593,624.476661117593,1.0,0.0,1.0,1.0,1.0,Desierto de San Felipe,False,False,True,False,False,True,True,1,1,1,1,-0.0,1.0,0.0,False,False,False,False,3,1,0,0.0,0,593.8416918265488,False,False,False,False,False,0.0,-0.757147538817445,-0.9050812744111771,-0.9007158990918056,-0.9005814331923898,-0.7354448908226539,5,-0.8397942072670942,True
BJA25K_C-0006_R+0017,189,31.4278407,-114.9483764,30-32N,0,1,1,0.0,Desierto de San Felipe,,570.929194078105,0.0,570.929194078105,624.47698336089,1.0,0.0,1.0,0.914251780754841,0.914251780754841,Desierto de San Felipe,False,False,True,False,False,True,True,1,1,1,1,-0.0,1.0,0.0,False,False,False,False,3,1,0,0.0,0,581.0338388683904,False,False,False,False,False,0.0,-0.757147538817445,-0.9050812744111771,-0.9007158990918056,-0.9005814331923898,-0.7354448908226539,5,-0.8397942072670942,True
BJA25K_C-0012_R+0018,191,31.6275247,-116.535194,30-32N,14,10,24,0.5833333333333334,Matorral Costero,Chaparral,584.68112710667,16.9284108137925,601.609537920463,624.503049695554,0.971861465374523,0.0281385346254775,0.943722930749045,0.936234222381625,0.963341233023199,Matorral Costero,False,False,True,False,False,True,True,2,2,1,2,0.12821076201727533,1.1367925701456216,0.05469351498921671,False,False,False,False,3,2,1,0.3333333333333333,1,687.4134631979097,False,False,False,False,False,0.028138534625476996,-0.486758065546025,0.45254063720558846,0.541956176572188,0.17604257417815697,-0.5644930404526181,5,0.023857656391458072,True
BJA25K_C-0011_R+0018,192,31.6329712,-116.2713283,30-32N,1,2,3,0.3333333333333333,Chaparral,Matorral Costero,405.628435687262,218.875271955871,624.503707643132,624.503707643133,0.64952126099955,0.35047873900045,0.2990425219991,0.64952126099955,1.0,Matorral Costero,False,False,False,False,False,True,True,2,2,2,2,0.6477424936358351,1.9112213608494697,0.45528678501820896,False,False,False,False,4,2,2,0.5,1,671.73516634065,False,False,False,False,False,0.35047873900045,1.0440077690437017,0.45254063720558846,0.541956176572188,0.7143545778634305,1.3938411485873714,5,0.829340061854456,True
BJA25K_C-0010_R+0018,193,31.6379229,-116.0074451,30-32N,4,1,5,0.8,Chaparral,,624.504662476379,0.0,624.504662476379,624.504662476379,1.0,0.0,1.0,1.0,1.0,Chaparral,False,False,True,False,False,True,True,1,1,1,1,-0.0,1.0,0.0,False,False,False,False,3,1,0,0.0,0,656.6365122692451,False,False,False,False,False,0.0,-0.757147538817445,-0.9050812744111771,-0.9007158990918056,-0.9005814331923898,-0.7354448908226539,5,-0.8397942072670942,True
BJA25K_C-0009_R+0018,194,31.6423796,-115.7435461,30-32N,3,2,5,0.6,Chaparral,Desierto de San Felipe,554.140521354636,70.3648120354815,624.505333390118,624.505333390118,0.887327123927818,0.112672876072182,0.774654247855636,0.887327123927818,1.0,Chaparral,False,False,True,False,False,True,True,2,2,2,2,0.35206739705122975,1.422004359389679,0.1999553981396096,False,False,False,False,3,2,1,0.3333333333333333,1,642.1582068657843,False,False,False,False,False,0.11267287607218202,0.07700256401451444,0.45254063720558846,0.541956176572188,0.17604257417815697,-0.05091611534002749,5,0.2393251673260841,True
BJA25K_C-0006_R+0018,195,31.6527795,-114.9517706,30-32N,1,0,1,1.0,Desierto de San Felipe,,624.413647442432,0.0,624.413647442432,624.50633079932,1.0,0.0,1.0,0.999851589403793,0.999851589403793,Desierto de San Felipe,False,False,True,False,False,True,True,1,1,1,1,-0.0,1.0,0.0,False,False,False,False,1,1,0,0.0,0,602.8813214333429,False,False,False,False,False,0.0,-0.757147538817445,-0.9050812744111771,-0.9007158990918056,-0.9005814331923898,-0.7354448908226539,5,-0.8397942072670942,True
BJA25K_C-0012_R+0019,197,31.8523716,-116.5423547,30-32N,38,26,64,0.59375,Matorral Costero,Chaparral,283.534123051662,268.642673587577,552.176796639239,624.532663110836,0.513484312954402,0.486515687045598,0.0269686259088035,0.453994065961836,0.884143983580958,Matorral Costero,False,False,True,True,False,True,False,2,2,2,2,0.6927834830741485,1.9992727372882328,0.4996363466082955,False,False,False,False,3,2,1,0.3333333333333333,1,706.8694883561047,False,False,False,False,False,0.486515687045598,1.218053517805903,0.45254063720558846,0.541956176572188,0.17604257417815697,2.2203151742089617,5,0.9217816159941595,True
BJA25K_C-0011_R+0019,198,31.8578414,-116.2778676,30-32N,8,8,16,0.5,Chaparral,Matorral Costero,611.552141611906,12.9809906900318,624.533132301937,624.533132301935,0.979214888660613,0.0207851113393868,0.958429777321226,0.979214888660616,1.0,Chaparral,False,False,True,False,False,True,True,2,2,1,2,0.1010790987332846,1.1063641503053112,0.040706180971992634,False,False,False,False,4,2,1,0.25,1,691.6311642777862,False,False,False,False,False,0.020785111339386986,-0.5469040545010143,0.45254063720558846,0.541956176572188,-0.09311342766447968,-0.6091677661994598,5,-0.050937686917435464,True
BJA25K_C-0010_R+0019,199,31.8628141,-116.0133627,30-32N,8,2,10,0.8,Chaparral,Sierras de Juárez y San Pedro Mártir,494.0392817609,130.494644475592,624.533926236492,624.533926236491,0.791052753111482,0.208947246888518,0.582105506222963,0.791052753111483,1.0,Chaparral,False,False,True,False,False,True,True,2,2,2,2,0.5125585069227484,1.6695573091107092,0.33057658981245375,False,False,False,False,4,2,1,0.25,1,676.9752431896868,False,False,False,False,False,0.20894724688851796,0.5663252780376498,0.45254063720558846,0.541956176572188,-0.09311342766447968,0.5339857657750631,5,0.400338885985202,True
BJA25K_C-0009_R+0019,200,31.8672899,-115.7488416,30-32N,0,2,2,0.0,Desierto de San Felipe,Sierras de Juárez y San Pedro Mártir,283.872565885581,234.78990852638,624.534563938417,624.534563938414,0.454534596284687,0.375943818138353,0.0785907781463345,0.45453459628469,1.00000000000001,Desierto de San Felipe,False,False,True,True,False,True,False,3,3,3,3,1.0270463695955876,2.7928047276192514,0.6233269784073473,False,False,False,False,2,2,2,1.0,1,662.9402050273045,False,False,False,False,False,0.545465403715313,2.7865794740125476,1.810162548822354,0.541956176572188,2.329290588919251,2.5784561818203806,5,2.0092889940293444,True
BJA25K_C-0007_R+0019,201,31.8747499,-115.2197577,30-32N,1,0,1,1.0,Desierto de San Felipe,,624.535596335319,0.0,624.535596335319,624.535596335319,1.0,0.0,1.0,1.0,1.0,Desierto de San Felipe,False,False,True,False,False,True,True,1,1,1,1,-0.0,1.0,0.0,False,False,False,False,0,1,0,,0,636.8944950018343,False,False,False,False,False,0.0,-0.757147538817445,-0.9050812744111771,-0.9007158990918056,,-0.7354448908226539,4,-0.8245974007857704,True
BJA25K_C-0013_R+0020,202,32.0712421,-116.8146808,30-32N,7,6,13,0.5384615384615384,Matorral Costero,,450.757896172143,0.0,450.757896172143,624.561254899627,1.0,0.0,1.0,0.721719275148734,0.721719275148734,Matorral Costero,False,False,True,False,False,True,True,1,1,1,1,-0.0,1.0,0.0,False,False,False,False,1,1,0,0.0,0,742.0319941243263,False,False,False,False,False,0.0,-0.757147538817445,-0.9050812744111771,-0.9007158990918056,-0.9005814331923898,-0.7354448908226539,5,-0.8397942072670942,True
BJA25K_C-0012_R+0020,203,32.0772343,-116.5495861,30-32N,11,8,19,0.5789473684210527,Matorral Costero,Chaparral,434.213077897084,190.348808680918,624.561886578001,624.561886578001,0.695228266771375,0.304771733228625,0.390456533542749,0.695228266771375,1.0,Chaparral,False,False,False,False,False,True,True,2,2,2,2,0.614853330998147,1.8493853321648441,0.42377184770689036,False,False,False,False,3,2,1,0.3333333333333333,1,726.6676722805397,False,False,False,False,False,0.30477173322862505,0.9217802883593826,0.45254063720558846,0.541956176572188,0.17604257417815697,1.1161544347777346,5,0.6416948222186101,True
BJA25K_C-0011_R+0020,204,32.0827274,-116.2844715,30-32N,0,1,1,0.0,Chaparral,Matorral Costero,523.522941951266,101.039878696546,624.562820647811,624.56282064781,0.83822303320626,0.16177696679374,0.67644606641252,0.838223033206262,1.0,Chaparral,False,False,True,False,False,True,True,2,2,2,2,0.4426047835667324,1.5567569568141968,0.27121035961751505,False,False,False,False,3,2,1,0.3333333333333333,1,711.8520403625732,False,False,False,False,False,0.16177696679373998,0.34335974847843465,0.45254063720558846,0.541956176572188,0.17604257417815697,0.24740912729673767,5,0.3522616527462211,True
BJA25K_C-0010_R+0020,205,32.0877215,-116.0193387,30-32N,2,1,3,0.6666666666666666,Chaparral,Sierras de Juárez y San Pedro Mártir,421.382974328654,203.180463714683,624.563438043337,624.563438043334,0.674684025130871,0.325315974869129,0.349368050261742,0.674684025130873,1.0,Chaparral,False,False,True,False,False,True,True,2,2,2,2,0.6308117429532618,1.8791353351922455,0.4389709827281545,False,False,False,False,2,1,0,0.0,0,697.6198998468153,False,False,False,False,False,0.325315974869129,0.9805852924604016,0.45254063720558846,-0.9007158990918056,-0.9005814331923898,1.2409681882172408,5,0.17455935711980705,True
